,State_x,State Abbreviation,Paid sick leave,Medicaid Expansion,Population density per square miles,Population 2018,Square Miles,Number Homeless (2019),Percent Unemployed (2018),Percent living under the federal poverty line (2018),Percent at risk for serious illness due to COVID,All-cause deaths 2018,Closed day cares,Closed non-essential businesses,State of emergency,Stay at home/ shelter in place,Religious Gatherings Exempt Without Clear Social Distance Mandate*,End/relax stay at home/shelter in place,Began to reopen businesses statewide,Reopen restaurants,Initially reopen restaurants for outdoor dining only,Reopened gyms,Reopened movie theaters,Reopened hair salons/barber shops,Reopen non-essential construction,Reopen Religious gatherings,Reopen non-essential retail,Reopen bars,Reopen Childcare,Resumed elective medical procedures,Mandate face mask use by all individuals in public spaces,Face mask mandate enforced by fines,Face mask mandate enforced by criminal charge/citation,Mandate face mask use by employees in public-facing businesses,Mandate quarantine for those entering the state from specific states,Mandate quarantine for all individuals entering the state from another state,Allow restaurants to sell takeout alcohol ,Stop Initiation of Evictions overall or due to COVID related issues,Stop enforcement of evictions overall or due to COVID related issues,Renter grace period or use of security deposit to pay rent,Order freezing utility shut offs,Froze mortgage payments,Lift Eviction Moratorium,"Prior to pandemic, no state unemployment waiting period; or date waiting period waived not found",Waived one week waiting period for unemployment insurance,Waive work search requirement for unemployment insurance,Expand eligibility of unemployment insurance to anyonewho is quarantined and/or taking care of someone who is quarantined,Expand eligibility to high-risk individuals in preventative quarantine,Expand eligibility of unemployment insurance to those who have lost childcare/school closures,Extend the amount of time an individual can be on unemployment insurance,Weekly unemployment insurance maximum amount (dollars),"Weekly unemployment insurance maximum amount with extra stimulus (through July 21, 2020) (dollars)",Unemployment insurance maximum duration (weeks),Unemployment insurance maximum duration with Pandemic Emergency Unemployment Compensation CARES extension (weeks),SNAP Waiver-Emergency Allotments to Current SNAP Households,SNAP Waiver-Pandemic EBT,SNAP Waiver-Temporary Suspension of Claims Collection,2020 Q1 SNAP ABAWD Time Limit Waiver,Modify Medicaid requirements with 1135 waivers (date of CMS approval),Reopened ACA enrollment using a special enrollment period,State previously allowed audio-only telehealth,Allow audio-only telehealth,Allow/expand Medicaid telehealth coverage,Stopped personal visitation in state prisons,Stopped in-person attorney visits in state prisons,Waived COVID/respiratory illness-related copays during pandemic for incarcerated individuals,Waived all copays during pandemic for incarcerated individuals,Cases_Total,Deaths_Total,Cases_White_percent,Cases_Black_percent,Cases_LatinX_percent,Cases_Asian_percent,Cases_AIAN_percent,Cases_NHPI_percent,Cases_Multiracial_percent,Cases_Other_percent,Cases_Unknown_percent,Deaths_White_percent,Deaths_Black_percent,DeathsDeaths_LatinX_percent,Deaths_Asian_percent,Deaths_AIAN_percent,Deaths_NHPI_percent,Deaths_Multiracial_percent,Deaths_Other_percent,Deaths_Unknown_percent,Cases_Total_percent,Deaths_Total_percent,homeles_percent,All-cause deaths 2018_percent,FIPS_CODE,EmployerInsuranceonly-Pop<19,EmployerInsuranceonly-Pop19-34,EmployerInsuranceonly-Pop35-64,EmployerInsuranceonly-Pop65+,DirectPurchaseonly-Pop<19,DirectPurchaseonly-Pop19-34,DirectPurchaseonly-Pop35-64,DirectPurchaseonly-Pop65+,Medicareonly-Pop<19,Medicareonly-Pop19-34,Medicareonly-Pop35-64,Medicareonly-Pop65+,Medicaidonly-Pop<19,Medicaidonly-Pop19-34,Medicaidonly-Pop35-64,Medicaidonly-Pop65+,TRICARE/Militaryonly:-Pop<19,TRICARE/Militaryonly:-Pop19-34,TRICARE/Militaryonly:-Pop35-64,TRICARE/Militaryonly:-Pop65+,VAHealthCareonly-Pop<19,VAHealthCareonly-Pop19-34,VAHealthCareonly-Pop35-64,VAHealthCareonly-Pop65+,2ormoreInsurance-Pop<19,2ormoreInsurance-Pop19-34,2ormoreInsurance-Pop35-64,2ormoreInsurance-Pop65+,PopulationwithnoHealthInsuranceAges-0-18,PopulationwithnoHealthInsuranceAges-19-34,PopulationwithnoHealthInsuranceAges-35-64,PopulationwithnoHealthInsuranceAges-Age65+,CiviliannoninstitutionalizedpopulationwithHealthCoverage,TotalCivilianNoninstitutionalizedPopulation-Withhealthinsurancecoverage,TotalCivilianNoninstitutionalizedPopulation-Withprivatehealthinsurance,TotalCivilianNoninstitutionalizedPopulation-Withpubliccoverage,TotalCivilianNoninstitutionalizedPopulation-Nohealthinsurancecoverage,Civiliannoninstitutionalizedpopulationunder19years,TotalCivilianNoninstitutionalizedPopulationunder19yrs-Nohealthinsurancecoverage,PercentofPopulationwithNoHealthInsuranceCoverage,Totalhouseholds,TotalHouseholdswithacomputer,TotalHouseholdswithabroadbandInternetsubscription,PercentofHouseholdswithInternetAtHome,EnglishOnly-Pop5-17,EnglishOnly-Pop18-64,EnglishOnly-Pop65+,"LanguageSpokenatHomebyAge-Spanish-SpeakEnglish""lessthanverywell""5andover","LanguageSpokenatHomebyAge-OtherIndo-European-SpeakEnglish""lessthanverywell""5andover","LanguageSpokenatHomebyAge-AsianPacificIslands-SpeakEnglish""lessthanverywell""5andover","LanguageSpokenatHomebyAge-OtherLanguages-SpeakEnglish""lessthanverywell""5andover",LanguageSpokenatHome-Spanish(LimitedEnglishHHs/allLimitedEnglishHHs),LanguageSpokenatHome-OtherIndo-European(LimitedEnglishHHs/allLimitedEnglishHHs),LanguageSpokenatHome-AsianandPacificIsland(LimitedEnglishHHs/allLimitedEnglishHHs),LanguageSpokenatHome-Other(LimitedEnglishHHs/allLimitedEnglishHHs),EnglishOnly-Total,Spanish-Pop5-17,Spanish-Pop18-64,Spanish-Pop65+,Spanish-Total,Spanish-SpeakEnglishverywell-Pop5-17,Spanish-SpeakEnglishverywell-Pop18-64,Spanish-SpeakEnglishverywell-Pop65+,Spanish-SpeakEnglishverywell-Total,Spanish-Englishlessthanverywell-Pop5-17,Spanish-Englishlessthanverywell-Pop18-64,Spanish-Englishlessthanverywell-Pop65+,Spanish-Englishlessthanverywell-Total,OtherIndo-European-Pop5-17,OtherIndo-European-Pop18-64,OtherIndo-European-Pop65+,OtherIndo-European-Total,OtherIndo-European-SpeakEnglishverywell-Pop5-17,OtherIndo-European-SpeakEnglishverywell-Pop18-64,OtherIndo-European-SpeakEnglishverywell-Pop65+,OtherIndo-European-SpeakEnglishverywell-Total,OtherIndo-European-Englishlessthanverywell-Pop5-17,OtherIndo-European-Englishlessthanverywell-Pop18-64,OtherIndo-European-Englishlessthanverywell-Pop65+,OtherIndo-European-Englishlessthanverywell-Total,Asian-PacificIsland-Pop5-17,Asian-PacificIsland-Pop18-64,Asian-PacificIsland-Pop65+,Asian-PacificIsland-Total,Asian-PacificIsland-SpeakEnglishverywell-Pop5-17,Asian-PacificIsland-SpeakEnglishverywell-Pop18-64,Asian-PacificIsland-SpeakEnglishverywell-Pop65+,Asian-PacificIsland-SpeakEnglishverywell-Total,Asian-PacificIsland-Englishlessthanverywell-Pop5-17,Asian-PacificIsland-Englishlessthanverywell-Pop18-64,Asian-PacificIsland-Englishlessthanverywell-Pop65+,Asian-PacificIsland-Englishlessthanverywell-Total,OtherLanguages-Pop5-17,OtherLanguages-Pop18-64,OtherLanguages-Pop65+,OtherLanguages-Total,OtherLanguages-SpeakEnglishverywell-Pop5-17,OtherLanguages-SpeakEnglishverywell-Pop18-64,OtherLanguages-SpeakEnglishverywell-Pop65+,OtherLanguages-SpeakEnglishverywell-Total,OtherLanguages-Englishlessthanverywell-Pop5-17,OtherLanguages-Englishlessthanverywell-Pop18-64,OtherLanguages-Englishlessthanverywell-Pop65+,OtherLanguages-Englishlessthanverywell-Total,PercentofHouseholdswithLimitedEnglishSpeakingStatus,TotalHouseholdsBelowthePovertyLevel,Households:IncomeBelowPovertyLevel(%),PopulationforwhomPovertyStatusisDetermined,IncometoPovertyRatio<0.50,IncometoPovertyRatio0.50-0.99,IncometoPovertyRatio1.00-1.24,IncometoPovertyRatio1.25-1.49,IncometoPovertyRatio1.50-1.84,IncometoPovertyRatio1.85-1.99,IncometoPovertyRatio2.00+,AllHouseholdsBelowPovertyLevel,AllHouseholdsAbovePovertyLevel,Married-CoupleFamilyHouseholdsBelowPovertyLevel,Married-CoupleFamilyHouseholdsAbovePovertyLevel,OtherFamiliesHHldsw/MaleHouseholderwithnowifepresentBelowPovertyLevel,OtherFamiliesHHldsw/MaleHouseholderwithnowifepresentAbovePovertyLevel,OtherFamiliesHhldsw/FemaleHouseholderwithnohusbandpresentBelowPovertyLevel,OtherFamiliesHhldsw/FemaleHouseholderwithnohusbandpresentAbovePovertyLevel,NonFamilyHhldsw/MaleHouseholderBelowPovertyLevel,NonFamilyHhldsw/MaleHouseholderAbovePovertyLevel,NonFamilyHhldsw/FemaleHouseholderBelowPovertyLevel,NonFamilyHhldsw/FemaleHouseholderAbovePovertyLevel,Percentageoffamilieswhoseincomeinthepast12monthsisbelowthepovertylevelwithfemalehouseholdernohusbandpresent)-Withrelatedchildrenofthehouseholderunder18years,Percentageoffamilieswhoseincomeinthepast12monthsisbelowthepovertylevelwithfemalehouseholdernohusbandpresent)-Withrelatedchildrenofthehouseholderunder5years,Percentageofpeoplewhoseincomeinthepast12monthsisbelowthepovertylevel,Percentageofpeoplewhoseincomeinthepast12monthsisbelowthepovertylevel-Relatedchildrenofthehouseholderunder5years,Percentageofpeoplewhoseincomeinthepast12monthsisbelowthepovertylevel-65yearsandover,TotalMarried-CoupleFamilyHouseholds,TotalOtherFamiliesHHldsw/MaleHouseholder,TotalOtherFamiliesHhldsw/FemaleHousehiolder
0,Alabama,AL,0,0,93.24,4887871,52420.0,3261,5.6,16.8,43.1,54352,7.0,15.0,2020-03-13,22.0,0,48.0,48.0,59.0,0.0,59.0,70.0,59.0,0.0,59.0,48.0,59.0,71.0,48.0,125.0,0,0,59.0,0.0,0.0,11.0,0.0,21.0,0.0,0.0,0.0,80.0,0,3.0,1,1,0,0,0,275.0,875.0,26.0,39.0,11,39.0,0.0,0,10,0.0,0,9.0,3.0,1,0.0,0,1,731345.0,19350.0,35.49,35.86,0.0,0.45,0.0,0.0,0.0,5.15,23.04,49.05,43.91,0.0,0.54,0.0,0.0,0.0,1.49,4.89,14.96,0.4,0.07,1.11,1,510146,538572,1038945,11576,53009,85851,150503,2093,2832,4638,57750,200575,468760,87618,104297,0.0,25717,14705,28379,221,657,3357,11293,411,65980,63969,229843,545869,38671,204561,231101,3141,4785040,4307566,3221648,1745707,477474,1165772,38671,10.0,1860269,1551296,1364318,73.8,754381,2815595,765597,63979,8796,20461,3190,62.05,9.26,24.77,3.92,4335573,40399,100779,7242,148420,30794,49362,4285,84441,9605,51417,2957,63979,4077,25624,6399,36100,3380,19214,4710,27304,697,6410,1689,8796,5847,30635,3632,40114,3910,14280,1463,19653,1937,16355,2169,20461,1964,9422,962,12348,1854,6654,650,9158,110,2768,312,3190,1.2,319903,17.2,4742208,360959,468441,253831,234252,341805,133637,2949283,319903,1540366,50964,832422,13914,64609,95188,172808,64975,222247,94862,248280,46.9,49.5,17.5,28.4,10.3,883386.0,78523.0,267996.0
1,Alaska,AK,0,1,1.11,737438,665384.0,1907,6.8,10.9,32.8,4453,0.0,17.0,2020-03-11,17.0,0,44.0,44.0,44.0,0.0,58.0,58.0,44.0,0.0,44.0,42.0,58.0,0.0,40.0,0.0,0,0,44.0,0.0,14.0,6.0,12.0,0.0,0.0,29.0,0.0,112.0,0,15.0,1,1,0,1,0,370.0,970.0,26.0,39.0,21,86.0,0.0,1,22,0.0,1,0.0,9.0,2,2.0,1,0,21110.0,317.0,50.57,2.41,0.0,7.01,10.63,2.88,3.13,2.17,21.2,46.37,0.0,0.0,13.25,15.77,6.62,0.0,0.0,8.52,2.86,0.04,0.26,0.6,2,75722,72909,147917,2790,5644,8017,15503,262,294,330,1853,16676,58348,21833,22216,0.0,16707,11547,7881,124,135,883,2656,108,17709,14247,32659,56180,20132,37826,44045,953,714106,611150,467898,221460,102956,194691,20132,14.4,253462,236598,213702,84.8,113707,393179,66487,6432,3354,18061,5672,20.42,9.95,52.64,16.98,573373,3921,18803,1654,24378,3259,13711,976,17946,662,5092,678,6432,2427,11118,2037,15582,1983,8821,1424,12228,444,2297,613,3354,5843,29234,3894,38971,4066,15747,1097,20910,1777,13487,2797,18061,6000,21616,4356,31972,5208,18150,2942,26300,792,3466,1414,5672,2.1,23700,9.35,720674,35602,42263,24577,26230,37870,16387,537745,23700,229762,4349,121498,2242,12717,5962,20865,5994,42273,5153,32409,29.6,33.0,10.8,15.9,5.4,125847.0,14959.0,26827.0
2,Arizona,AZ,1,1,62.91,7171646,113990.0,10007,5.4,14.0,39.1,59282,0.0,19.0,2020-03-11,20.0,1,66.0,58.0,61.0,0.0,63.0,66.0,58.0,0.0,0.0,58.0,66.0,0.0,51.0,0.0,0,0,58.0,29.0,0.0,8.0,0.0,13.0,0.0,0.0,0.0,0.0,0,7.0,1,1,0,1,0,240.0,840.0,26.0,39.0,21,37.0,0.0,1,12,0.0,0,14.0,14.0,2,2.0,1,0,1336330.0,32963.0,17.34,2.43,23.14,0.8,8.15,0.01,0.0,2.04,46.09,42.5,2.95,20.81,1.14,16.44,0.01,0.0,1.8,14.36,18.63,0.46,0.14,0.83,4,761132,733801,1327801,20885,105814,108231,218460,7513,2657,4824,45445,371499,589133,257558,315214,0.0,25517,17940,28384,322,613,5862,17604,1126,98915,78831,210105,734778,147689,267199,322873,10545,6838270,6089964,4293325,2620735,748306,1731470,147689,10.9,2524300,2269063,2064391,82.2,853969,2920527,965545,447267,29921,55102,44713,72.16,6.29,11.11,10.44,4740041,290221,924389,123779,1338389,249415,576552,65155,891122,40806,347837,58624,447267,13113,86792,29401,129306,11341,67848,20196,99385,1772,18944,9205,29921,15656,103630,16930,136216,12161,62421,6532,81114,3495,41209,10398,55102,24722,119244,22665,166631,20712,89785,11421,121918,4010,29459,11244,44713,4.2,362127,14.35,6788985,509325,582867,341454,323012,479774,199156,4353397,362127,2162173,80436,1119697,23023,115231,86948,222791,79584,347434,92136,357020,36.9,37.3,16.1,25.1,9.0,1200133.0,138254.0,309739.0
3,Arkansas,AR,0,1,56.67,3013825,53179.0,2717,4.5,17.2,43.5,32336,0.0,0.0,2020-03-11,0.0,0,0.0,54.0,61.0,0.0,54.0,68.0,56.0,0.0,54.0,68.0,76.0,0.0,47.0,131.0,1,1,61.0,55.0,0.0,8.0,0.0,0.0,0.0,30.0,0.0,0.0,0,6.0,1,1,0,0,0,451.0,1051.0,20.0,33.0,13,71.0,0.0,0,22,0.0,0,2.0,2.0,5,5.0,1,0,361431.0,4921.0,47.89,24.71,0.06,1.22,0.27,5.41,0.04,11.52,8.87,55.44,28.82,0.0,0.87,0.0,5.93,0.0,5.79,1.87,11.99,0.16,0.09,1.07,5,276607,309274,572202,6496,32955,51996,98866,1116,2023,3254,38316,132824,346942,95840,121963,0.0,10469,7007,10824,103,640,2625,9823,410,40813,39517,130580,328216,34775,108225,120238,2196,2937135,2671701,1805487,1248288,265434,745224,34775,9.0,1152175,969432,804635,70.4,465650,1652432,475269,68863,4650,16228,1272,74.93,4.93,18.7,1.44,2593351,41415,102337,5866,149618,32951,45500,2304,80755,8464,56837,3562,68863,2241,14070,3701,20012,1915,10878,2569,15362,326,3192,1132,4650,5806,24193,2394,32393,3846,11375,944,16165,1960,12818,1450,16228,520,4160,306,4986,514,2996,204,3714,6,1164,102,1272,1.7,196481,17.05,2903003,210464,299873,174549,168010,228923,91671,1729513,196481,955694,35133,523734,10113,42885,53096,99855,41525,140736,56614,148484,44.5,52.5,17.6,28.6,10.2,558867.0,52998.0,152951.0
4,California,CA,1,1,241.65,39557045,163695.0,151278,5.5,12.8,33.3,268818,0.0,15.0,2020-03-04,15.0,0,0.0,65.0,0.0,0.0,0.0,0.0,138.0,55.0,100.0,65.0,0.0,0.0,49.0,106.0,0,0,62.0,0.0,0.0,15.0,23.0,0.0,0.0,29.0,0.0,0.0,0,8.0,1,1,0,0,0,450.0,1050.0,26.0,39.0,26,50.0,0.0,1,19,16.0,0,26.0,14.0,7,35.0,0,0,4427497.0,125500.0,12.71,3.2,36.42,5.05,0.14,0.46,0.51,8.41,33.07,31.62,9.21,38.89,14.04,0.33,0.56,0.56,1.09,3.69,11.19,0.32,0.38,0.68,6,4269572,4559157,8236475,182799,583381,829032,1471510,32888,43597,37422,180869,1556106,3713847,1785115,2195431,0.0,106064,76295,81928,1537,1956,23488,52988,3974,512562,418625,1035368,3381795,360515,1283702,1575000,60950,38653948,35373781,24501734,14387695,3280167,9591494,360515,8.5,12965435,11886064,10981568,85.1,3707446,13349981,3429644,4253679,498572,1743664,125113,55.51,10.07,32.1,2.33,20487071,2258167,7397212,874242,10529621,1863818,4112179,299945,6275942,394349,3285033,574297,4253679,190403,1150373,300744,1641520,160301,839242,143405,1142948,30102,311131,157339,498572,380232,2592336,663690,3636258,288865,1414257,189472,1892594,91367,1178079,474218,1743664,56728,269746,47137,373611,45191,180994,22313,248498,11537,88752,24824,125113,9.1,1706075,13.16,38407403,2401275,3085866,1803821,1746259,2460075,999522,25910585,1706075,11259360,398722,6038694,107360,665686,421745,1283021,327344,1592255,450904,1679704,34.9,36.0,14.3,20.2,10.3,6437416.0,773046.0,1704766.0
5,Colorado,CO,0,1,54.72,5695564,104094.0,9619,3.9,9.6,31.3,38526,0.0,15.0,2020-03-11,15.0,1,47.0,51.0,77.0,0.0,85.0,99.0,51.0,0.0,46.0,51.0,99.0,0.0,47.0,127.0,0,0,43.0,0.0,0.0,9.0,50.0,50.0,0.0,9.0,0.0,94.0,0,9.0,0,0,0,0,0,618.0,1218.0,26.0,39.0,21,66.0,30.0,1,15,9.0,0,21.0,9.0,0,0.0,1,0,747284.0,37233.0,35.69,5.67,33.72,2.49,0.51,0.4,0.9,0.84,17.56,63.6,6.7,18.97,3.5,0.49,0.38,0.96,0.44,3.58,13.12,0.65,0.17,0.68,8,649802,679964,1270985,20846,93180,119535,221189,3222,4759,3229,25418,221371,406120,180846,198021,0.0,40707,24448,35110,362,823,5254,10811,592,74050,68276,165178,473319,61939,172816,201384,5711,5439267,4997417,3834101,1739826,441850,1331380,61939,8.1,2113387,1962259,1811158,86.2,738258,2919988,656081,217269,28667,45887,14922,65.08,10.63,17.55,6.73,4314327,146965,415548,49912,612425,124149,240570,30437,395156,22816,174978,19475,217269,15777,82697,19834,118308,13003,63098,13540,89641,2774,19599,6294,28667,15074,77630,11796,104500,12019,43338,3256,58613,3055,34292,8540,45887,8546,34821,3015,46382,6972,23147,1341,31460,1574,11674,1674,14922,2.8,224819,10.64,5409817,269128,321376,200761,199621,309444,134904,3974583,224819,1888568,39758,1010277,9750,88141,47391,156366,56734,318862,71186,314922,30.9,37.7,10.9,14.5,7.5,1050035.0,97891.0,203757.0
6,Connecticut,CT,1,1,644.54,3572665,5543.0,3033,5.5,10.4,36.0,31230,0.0,13.0,2020-03-10,0.0,0,0.0,71.0,71.0,1.0,99.0,99.0,83.0,0.0,80.0,71.0,0.0,0.0,0.0,41.0,0,0,24.0,107.0,0.0,9.0,31.0,10.0,31.0,2.0,0.0,0.0,1,0.0,1,0,0,1,0,649.0,1249.0,26.0,39.0,18,45.0,23.0,1,17,9.0,0,9.0,8.0,3,0.0,0,1,1134972.0,101156.0,33.83,12.66,17.81,1.44,0.03,0.0,0.08,0.57,33.64,72.98,14.9,8.66,1.04,0.01,0.0,0.2,0.46,1.76,31.77,2.83,0.08,0.87,9,450683,416182,943606,19681,39206,62606,116196,2836,1095,2663,18475,155052,240961,125853,161775,0.0,6461,4908,5049,88,39,1380,3802,255,41251,32355,95850,384971,25461,74291,93305,3752,3530088,3333279,2536358,1214576,196809,805157,25461,5.6,1367374,1224654,1145904,84.2,447185,1701044,495285,156945,79403,33350,8888,56.61,29.49,11.29,2.6,2643514,76185,292969,30882,400036,64891,168466,9734,243091,11294,124503,21148,156945,27873,160411,49732,238016,25039,107370,26204,158613,2834,53041,23528,79403,10436,61271,8172,79879,8197,35226,3106,46529,2239,26045,5066,33350,5963,25604,3509,35076,5125,18591,2472,26188,838,7013,1037,8888,5.2,137250,10.04,3474901,162335,186114,109143,108435,167105,63140,2678629,137250,1230124,18470,641894,6421,55337,36794,134024,30899,178971,44666,219898,29.7,29.5,10.0,14.9,7.3,660364.0,61758.0,170818.0
7,Delaware,DE,0,1,388.58,967171,2489.0,921,5.7,12.5,41.3,9433,24.0,11.0,2020-03-13,11.0,1,80.0,56.0,80.0,0.0,80.0,80.0,87.0,0.0,68.0,68.0,94.0,94.0,0.0,46.0,0,1,49.0,0.0,17.0,5.0,11.0,11.0,0.0,11.0,0.0,0.0,1,0.0,1,1,1,1,1,400.0,1000.0,26.0,39.0,13,48.0,31.0,0,14,0.0,1,0.0,5.0,-1,0.0,1,0,248580.0,9935.0,29.7,26.57,27.03,1.36,0.0,0.0,0.29,4.73,10.35,61.41,25.48,6.21,0.25,0.0,0.0,0.09,1.5,5.25,25.7,1.03,0.1,0.98,10,111939,111504,230287,3259,9312,12641,23995,473,519,763,7594,38750,66648,31512,37990,0.0,3727,2713,3730,107,12,711,1139,23,15521,11935,32129,119319,8597,21543,25173,1178,934743,878252,674095,347151,56491,216275,8597,6.0,357765,321643,294927,82.8,126547,496927,155121,22610,7068,7997,1460,57.08,18.49,22.94,1.49,778595,15799,43345,3513,62657,13426,24787,1834,40047,2373,18558,1679,22610,2831,16658,4742,24231,2146,11734,3283,17163,685,4924,1459,7068,2558,15624,2845,21027,2161,9483,1386,13030,397,6141,1459,7997,837,6386,908,8131,697,5528,446,6671,140,858,462,1460,2.3,39958,11.17,923678,50291,59507,31323,33137,50650,21816,676954,39958,317807,6197,168136,1927,14489,10860,36292,8729,44645,12245,54245,31.9,34.7,11.9,19.9,6.6,174333.0,16416.0,47152.0
8,District of Columbia,DC,1,1,11496.81,702455,61.1,6521,7.5,16.2,31.8,5008,0.0,14.0,2020-03-11,21.0,0,79.0,79.0,79.0,1.0,103.0,103.0,79.0,0.0,103.0,103.0,79.0,0.0,0.0,37.0,1,0,35.0,0.0,0.0,6.0,0.0,4.0,0.0,6.0,0.0,0.0,0,0.0,1,1,0,0,0,444.0,1044.0,26.0,39.0,21,69.0,0.0,1,23,26.0,0,8.0,1.0,4,4.0,0,0,235388.0,12158.0,18.24,48.29,0.0,1.46,0.26,0.26,1.62,22.26,7.49,10.77,75.07,11.77,1.54,0.0,0.0,0.0,0.7,0.15,33.51,1.73,0.93,0.71,11,53059,131044,138007,5200,8876,26919,17464,537,185,625,2176,12844,56765,35586,45641,0.0,1975,1722,1342,46,0,171,1028,74,8109,13481,24410,59884,2749,11839,11948,552,674258,647170,469473,242603,27088,131718,2749,4.0,281322,252564,225082,80.3,61657,394180,72342,23428,4227,4165,4748,59.05,12.22,14.38,14.35,528179,10662,42561,4098,57321,7905,24105,1883,33893,2757,18456,2215,23428,2621,22839,2708,28168,2303,19537,2101,23941,318,3302,607,4227,833,10385,1358,12576,656,7252,503,8411,177,3133,855,4165,1272,11084,1206,13562,955,7012,847,8814,317,4072,359,4748,3.5,43023,15.29,650912,59892,49605,23513,20312,25517,11314,460759,43023,238299,2193,69533,1470,8341,12040,28211,10680,61310,16640,70904,39.4,31.8,16.8,21.1,14.5,71726.0,9811.0,40251.0
9,Florida,FL,0,0,323.9,21299325,65758.0,28328,5.2,13.6,42.1,205426,0.0,0.0,2020-03-09,25.0,1,70.0,70.0,70.0,0.0,70.0,0.0,63.0,0.0,0.0,70.0,0.0,0.0,60.0,0.0,0,0,63.0,15.0,0.0,11.0,24.0,24.0,0.0,0.0,0.0,0.0,0,22.0,1,1,0,0,0,275.0,875.0,12.0,25.0,21,79.0,0.0,0,7,0.0,0,0.0,9.0,2,0.0,1,0,3073415.0,70935.0,23.77,15.69,27.58,0.0,0.0,0.0,0.0,3.9,29.06,48.1,20.36,24.01,0.0,0.0,0.0,0.0,3.29,4.24,14.43,0.33,0.13,0.96,12,1685243,1896241,3920269,71820,353230,494190,1065082,32910,14495,13575,160090,1371022,1706486,408054,506627,0.0,88399,55418,109341,2244,2473,18650,57017,2806,205281,183218,655824,2463750,335398,990324,1367213,51578,20288268,17543755,12563057,7481815,2744513,4391005,335398,13.5,7621760,6844107,6156029,81.2,2160566,8425329,3224916,1796684,346588,135510,35083,78.74,14.81,5.04,1.41,13810811,676957,2950520,572201,4199678,562162,1668349,172483,2402994,114795,1282171,399718,1796684,138561,685068,198804,1022433,117769,450242,107834,675845,20792,234826,90970,346588,36241,229458,48852,314551,28066,130820,20155,179041,8175,98638,28697,135510,18807,94836,19603,133246,16046,70133,11984,98163,2761,24703,7619,35083,6.9,1058418,13.89,20178544,1299551,1684300,1043650,1031014,1468272,610299,13041458,1058418,6563342,213068,3347450,54281,315950,254408,732684,215855,1015900,320806,1151358,35.5,38.1,14.8,23.6,10.3,3560518.0,370231.0,987092.0
10,Georgia,GA,0,0,177.02,10519475,59425.0,10443,4.8,14.3,36.2,85202,0.0,0.0,2020-03-14,20.0,0,48.0,48.0,44.0,0.0,41.0,44.0,41.0,0.0,94.0,40.0,79.0,0.0,37.0,0.0,0,0,44.0,0.0,0.0,10.0,0.0,0.0,0.0,0.0,0.0,0.0,1,0.0,1,1,1,1,1,365.0,965.0,14.0,27.0,10,83.0,27.0,1,18,0.0,1,4.0,4.0,-2,2.0,1,0,1773186.0,59682.0,24.44,29.07,12.75,1.37,0.07,0.08,0.0,2.46,29.49,44.25,47.88,4.27,1.59,0.13,0.17,0.0,0.5,1.21,16.86,0.57,0.1,0.81,13,1146712,1141024,2244298,30154,134177,186922,341536,5363,12111,6532,78746,389052,957653,154314,187530,0.0,70588,43812,62129,773,1200,7206,27743,631,130296,111176,362959,885249,196064,540112,642010,11355,10109427,8719886,6645864,3108401,1389541,2648801,196064,13.7,3709488,3287853,2932021,79.4,1553650,5483572,1264701,333966,67109,104746,27455,60.38,12.09,22.37,5.16,8301923,208797,529412,31828,770037,169094,253292,13685,436071,39703,276120,18143,333966,33162,184733,28384,246279,28353,134234,16583,179170,4809,50499,11801,67109,32656,171055,22071,225782,24747,90906,5383,121036,7909,80149,16688,104746,17220,75128,5305,97653,13763,53534,2901,70198,3457,21594,2404,27455,2.9,556313,15.0,10024689,727406,880308,495511,487769,687903,289389,6456403,556313,3153175,102776,1665735,30364,144884,170687,387322,101356,450506,151130,504728,39.4,41.9,16.0,25.6,10.3,1768511.0,175248.0,558009.0
11,Hawaii,HI,0,1,129.94,1420491,10932.0,6412,3.8,8.8,39.1,11415,0.0,21.0,2020-03-04,21.0,0,98.0,64.0,93.0,0.0,107.0,0.0,103.0,0.0,89.0,64.0,114.0,0.0,53.0,43.0,1,1,43.0,0.0,22.0,43.0,43.0,13.0,0.0,0.0,0.0,0.0,0,12.0,1,0,0,1,0,648.0,1248.0,26.0,39.0,44,85.0,0.0,1,22,0.0,0,42.0,26.0,9,0.0,0,0,21957.0,402.0,21.63,0.86,0.0,29.43,0.0,21.47,7.56,2.11,16.8,0.0,0.0,0.0,0.0,0.0,0.0,0.0,0.0,100.0,1.55,0.03,0.45,0.8,15,149468,162877,340130,9696,14098,16092,34389,1527,731,823,5185,49605,89224,38420,49629,0.0,28739,17515,13411,64,126,819,2102,398,31353,25013,54569,178881,7665,21707,24859,1393,1370508,1314884,1050936,469008,55624,321404,7665,4.1,456782,411022,380544,83.7,174344,633432,175726,7408,3080,149418,1149,3.34,2.7,92.5,1.46,983502,4734,22424,1942,29100,3831,16399,1462,21692,903,6025,480,7408,1884,10296,2887,15067,1600,8147,2240,11987,284,2149,647,3080,34327,197446,64079,295852,22392,101951,22091,146434,11935,95495,41988,149418,824,5975,1321,8120,695,5248,1028,6971,129,727,293,1149,6.1,46606,10.2,1383626,66582,70934,40122,41754,68422,30354,1065458,46606,410176,9055,228214,2413,23610,9972,45805,11631,56480,13535,56067,26.9,33.5,9.9,13.9,8.0,237269.0,26023.0,55777.0
12,Idaho,ID,0,1,20.99,1754208,83569.0,2315,4.0,11.8,36.2,14261,0.0,12.0,2020-03-13,12.0,0,49.0,49.0,64.0,0.0,64.0,78.0,64.0,0.0,49.0,49.0,78.0,0.0,0.0,0.0,0,0,0.0,0.0,33.0,10.0,0.0,0.0,0.0,0.0,0.0,0.0,0,14.0,1,1,1,0,0,448.0,1048.0,20.0,33.0,20,0.0,0.0,1,13,0.0,0,24.0,4.0,0,0.0,0,1,127951.0,2164.0,50.01,1.44,0.0,1.12,1.04,0.31,3.6,10.93,30.95,94.22,1.16,0.0,2.13,0.51,0.09,0.0,0.55,0.42,7.29,0.12,0.13,0.81,16,213754,179866,340790,4008,38077,43940,77326,803,608,1056,8114,66383,148127,25190,24755,0.0,7006,4262,6594,19,57,1118,4058,198,29229,21253,58757,177280,26724,68601,87443,979,1666375,1482628,1162744,536562,183747,463582,26724,11.0,618331,557848,492955,80.5,286980,876245,241226,48801,4803,5920,2995,76.14,8.62,9.31,5.92,1404451,31397,87752,7466,126615,25117,49311,3386,77814,6280,38441,4080,48801,2623,13915,2804,19342,2076,10504,1959,14539,547,3411,845,4803,2184,11271,1411,14866,1572,6874,500,8946,612,4397,911,5920,1828,5649,894,8371,1484,3265,627,5376,344,2384,267,2995,2.0,83771,13.55,1656621,92999,135883,84711,88146,130665,56274,1067943,83771,534560,19194,316228,3753,23117,17153,39243,18256,77502,25415,78470,40.6,44.4,13.8,20.2,9.0,335422.0,26870.0,56396.0
13,Illinois,IL,0,1,220.0,12741080,57914.0,10199,5.5,12.1,36.2,110022,14.0,12.0,2020-03-09,12.0,0,81.0,81.0,81.0,1.0,81.0,109.0,81.0,0.0,53.0,81.0,109.0,81.0,63.0,53.0,0,0,53.0,0.0,0.0,7.0,0.0,12.0,0.0,9.0,0.0,0.0,0,7.0,1,1,0,1,0,484.0,1084.0,26.0,39.0,23,39.0,0.0,1,14,0.0,0,10.0,10.0,5,0.0,0,0,3187033.0,148044.0,20.93,17.38,30.29,2.92,0.15,0.23,0.0,3.77,24.34,43.08,29.12,18.99,4.6,0.49,0.09,0.0,0.76,1.9,25.01,1.16,0.08,0.86,17,1620406,1606822,3145720,54574,147745,241565,403677,7969,6168,9128,75148,509821,1068548,410774,501193,0.0,17290,12149,18213,142,660,5095,17461,1239,139864,117910,336151,1239163,95362,361967,454208,17075,12643207,11714595,8847326,4244179,928612,3096043,95362,7.3,4830038,4264785,3891212,81.0,1628215,6047766,1598396,629685,233988,145926,42064,49.2,29.9,16.34,4.56,9274377,373208,1131016,112054,1616278,314104,638454,34035,986593,59104,492562,78019,629685,84981,465301,118509,668791,73266,307178,54359,434803,11715,158123,64150,233988,38976,261708,54055,354739,30677,157046,21090,208813,8299,104662,32965,145926,24224,94242,11889,130355,20316,62985,4990,88291,3908,31257,6899,42064,4.5,611097,12.65,12523283,753709,881894,515668,504434,721667,307825,8838086,611097,4218941,98236,2202070,29784,191531,164077,431635,134802,660626,184198,733079,37.2,41.7,13.1,20.0,8.8,2300306.0,221315.0,595712.0
14,Indiana,IN,0,1,183.74,6691878,36420.0,5471,4.4,13.1,39.9,65693,0.0,19.0,2020-03-06,19.0,0,73.0,73.0,73.0,0.0,87.0,98.0,66.0,0.0,63.0,73.0,98.0,0.0,52.0,0.0,0,0,56.0,0.0,0.0,17.0,13.0,0.0,0.0,13.0,0.0,0.0,0,20.0,1,1,0,1,0,390.0,990.0,26.0,39.0,21,69.0,38.0,0,19,0.0,0,24.0,24.0,6,0.0,1,0,1005674.0,54591.0,45.24,13.03,0.38,1.44,0.0,0.0,0.0,17.19,23.5,60.38,14.05,0.01,0.45,0.0,0.0,0.0,11.66,8.93,15.03,0.82,0.08,0.98,18,882259,826609,1600343,17354,68221,106531,177784,2457,3285,5228,52676,265732,505530,153435,185689,0.0,10272,7429,12489,109,266,4043,14594,696,87446,71420,211437,668663,109691,221895,259813,5144,6538540,5941997,4604459,2126240,596543,1666970,109691,9.1,2553818,2226068,1980710,78.2,1039139,3693921,953132,114031,34790,42877,9179,54.45,16.44,24.03,5.08,5686192,73460,199187,15935,288582,60299,106255,7997,174551,13161,92932,7938,114031,23791,84141,18870,126802,16828,63173,12011,92012,6963,20968,6859,34790,14225,68053,6394,88672,10003,33466,2326,45795,4222,34587,4068,42877,5379,21768,1732,28879,4671,13916,1113,19700,708,7852,619,9179,1.7,340323,13.33,6435742,414740,493619,287516,293239,433276,173699,4339653,340323,2213495,54427,1184303,17712,105050,93001,213900,75150,346761,100033,363481,40.2,49.1,14.1,22.6,7.5,1238730.0,122762.0,306901.0
15,Iowa,IA,0,1,56.09,3156145,56273.0,2315,3.6,11.2,36.9,30367,0.0,17.0,2020-03-09,0.0,0,0.0,67.0,67.0,0.0,67.0,74.0,67.0,0.0,53.0,60.0,80.0,0.0,49.0,0.0,0,0,0.0,0.0,0.0,11.0,10.0,10.0,0.0,18.0,0.0,80.0,1,0.0,1,1,1,1,0,481.0,1081.0,26.0,39.0,16,88.0,0.0,0,16,0.0,0,17.0,4.0,5,0.0,1,0,592293.0,13533.0,61.42,10.05,0.06,7.1,0.59,0.82,0.0,6.96,13.01,78.87,4.95,0.0,3.46,0.57,1.33,0.0,2.65,7.7,18.77,0.43,0.07,0.96,19,416566,410576,767002,8444,45169,57023,110991,1280,776,1444,11409,115267,219925,82725,93226,0.0,5511,3220,5460,48,243,1481,5210,317,61478,44047,103997,363538,23736,60138,67384,1211,3088842,2936373,2337073,1046018,152469,773404,23736,4.9,1256855,1101435,990436,79.6,480928,1721407,498669,48880,14264,25679,8180,47.12,13.89,27.73,11.26,2701004,31372,82572,4765,118709,25627,41675,2527,69829,5745,40897,2238,48880,9196,33256,5943,48395,7538,22400,4193,34131,1658,10856,1750,14264,6947,37875,3111,47933,4807,16363,1084,22254,2140,21512,2027,25679,4159,14045,824,19028,3056,7343,449,10848,1103,6702,375,8180,1.9,144293,11.48,3030572,160431,193203,127966,124014,180262,83130,2161566,144293,1112562,21156,612865,6622,46668,31101,82098,36083,184558,49331,186373,35.2,45.8,11.7,16.0,7.1,634021.0,53290.0,113199.0
16,Kansas,KS,0,0,35.39,2911505,82278.0,2381,3.8,12.0,38.0,27537,0.0,18.0,2020-03-12,18.0,1,53.0,53.0,53.0,0.0,67.0,71.0,67.0,0.0,53.0,53.0,88.0,0.0,0.0,113.0,0,0,113.0,11.0,0.0,6.0,11.0,0.0,0.0,4.0,0.0,76.0,0,19.0,1,0,0,0,1,488.0,1088.0,16.0,29.0,20,44.0,0.0,0,12,0.0,0,102.0,20.0,1,0.0,1,0,307437.0,5976.0,62.9,9.1,0.0,5.08,0.6,0.0,0.0,3.6,18.7,67.15,25.45,0.0,2.41,0.69,0.0,0.0,1.36,2.95,10.56,0.21,0.08,0.95,20,393751,363396,673809,8934,49781,62508,96548,1061,1512,1448,17576,105959,200656,33672,36356,0.0,21636,13319,13937,61,210,1934,6076,261,48681,40300,98400,301035,38922,100426,115318,1846,2849329,2592817,2131474,823948,256512,755149,38922,9.0,1124549,994601,895587,80.1,449512,1532508,415742,84111,10092,25795,5378,65.61,8.77,20.87,4.74,2397762,57001,141472,10552,209025,47509,72640,4765,124914,9492,68832,5787,84111,5603,28610,5738,39951,4587,21383,3889,29859,1016,7227,1849,10092,6947,40693,4981,52621,5207,20309,1310,26826,1740,20384,3671,25795,2280,12171,764,15215,1350,8022,465,9837,930,4149,299,5378,2.5,137977,12.27,2825033,154010,196270,124797,125700,188397,75442,1960417,137977,986572,22279,549247,6875,42616,30619,80021,34365,152141,43839,162547,35.3,42.7,12.4,17.7,7.6,571526.0,49491.0,110640.0
17,Kentucky,KY,0,1,110.58,4468402,40408.0,4079,5.2,16.9,43.6,48707,17.0,20.0,2020-03-06,0.0,0,0.0,66.0,77.0,0.0,87.0,87.0,80.0,0.0,75.0,75.0,115.0,101.0,61.0,66.0,0,0,66.0,0.0,27.0,10.0,26.0,19.0,0.0,10.0,0.0,0.0,0,10.0,1,1,1,0,0,552.0,1152.0,26.0,39.0,22,75.0,0.0,1,19,0.0,0,12.0,12.0,5,0.0,1,0,327225.0,14350.0,52.61,9.88,0.0,2.62,0.22,0.15,3.64,0.0,30.89,72.09,15.63,0.0,1.23,0.0,0.0,1.3,0.0,9.76,7.32,0.32,0.09,1.09,21,486493,480924,955292,10956,47233,57981,108951,1700,3319,5092,57821,172534,407100,189832,255389,0.0,19093,11497,15848,72,385,2637,9486,426,65234,56676,188564,481244,41127,104581,117739,1969,4357195,4091779,2839537,1828939,265416,1069984,41127,6.1,1728681,1458107,1305631,76.1,689540,2571533,676573,49483,17781,17454,9824,52.42,17.43,21.05,9.1,3937646,25812,80754,4827,111393,19597,39764,2549,61910,6215,40990,2278,49483,10674,41369,6266,58309,7895,28552,4081,40528,2779,12817,2185,17781,5981,27588,3196,36765,4063,14056,1192,19311,1918,13532,2004,17454,5572,15432,647,21651,3481,7982,364,11827,2091,7450,283,9824,1.3,303753,17.57,4302315,334537,437543,217239,213552,298531,120248,2680665,303753,1424928,59559,777039,17103,65660,76969,139379,63925,214164,86197,228686,46.2,53.2,17.9,27.1,10.8,836598.0,82763.0,216348.0
18,Louisiana,LA,0,1,88.97,4659978,52378.0,2941,6.4,18.6,42.1,46048,0.0,12.0,2020-03-11,12.0,0,65.0,51.0,51.0,1.0,65.0,65.0,65.0,0.0,86.0,65.0,86.0,0.0,47.0,124.0,0,0,51.0,0.0,0.0,5.0,5.0,0.0,0.0,2.0,0.0,96.0,0,2.0,1,1,0,1,0,247.0,847.0,26.0,39.0,16,70.0,33.0,1,12,0.0,0,12.0,2.0,1,1.0,0,1,1180183.0,76755.0,2.64,3.11,0.0,0.38,0.02,0.01,0.0,0.7,93.15,41.71,52.33,0.1,0.73,0.07,0.11,0.0,0.6,4.33,25.33,1.65,0.06,0.99,22,450740,496681,915411,18018,51344,80590,147431,2780,3087,4316,45658,204251,530466,155882,174398,0.0,17971,12626,15278,122,344,2569,10958,862,66726,59597,177596,426460,45175,203464,235296,3177,4559274,4072162,2787281,1785609,487112,1165853,45175,10.7,1736021,1449635,1263254,73.2,747868,2644059,609831,74145,21136,27591,4918,59.39,19.34,18.28,2.99,4001758,32228,117549,11655,161432,24166,57155,5966,87287,8062,60394,5689,74145,8386,64508,47715,120609,7457,53087,38929,99473,929,11421,8786,21136,7809,40505,6680,54994,5844,19581,1978,27403,1965,20924,4702,27591,2844,11814,826,15484,2260,7752,554,10566,584,4062,272,4918,1.9,327480,18.86,4531598,393480,484914,248588,227702,309236,126005,2741673,327480,1408541,43916,707679,17265,71124,101110,172857,66432,225335,98757,231546,47.9,52.1,19.4,30.8,12.6,751595.0,88389.0,273967.0
19,Maine,ME,0,1,37.83,1338404,35380.0,2106,3.5,11.6,42.5,14715,0.0,10.0,2020-03-15,18.0,0,77.0,47.0,78.0,1.0,94.0,108.0,47.0,0.0,75.0,78.0,78.0,0.0,47.0,47.0,0,0,47.0,89.0,19.0,3.0,0.0,32.0,0.0,1.0,0.0,0.0,0,3.0,1,1,0,0,0,445.0,1045.0,26.0,39.0,13,66.0,0.0,1,23,0.0,1,0.0,5.0,-1,0.0,1,0,63597.0,2110.0,59.99,19.59,0.0,1.82,0.18,0.05,0.47,2.43,15.47,62.09,1.09,0.0,0.0,0.0,0.0,0.0,0.43,36.4,4.75,0.16,0.16,1.1,23,140593,135246,320655,5573,14223,21137,52355,699,508,619,8684,61736,79240,31145,41197,0.0,4151,2119,6515,146,165,1053,4534,239,17456,15925,59422,182658,15089,38034,56101,417,1317634,1207993,918696,484847,109641,271425,15089,8.3,556955,492145,445402,80.9,180680,771715,236403,2519,9727,4477,3470,9.15,59.49,16.98,14.39,1188798,2170,8285,1006,11461,1631,6472,839,8942,539,1813,167,2519,3310,25741,19819,48870,2879,21007,15257,39143,431,4734,4562,9727,1391,7432,1273,10096,1123,4086,410,5619,268,3346,863,4477,2673,5803,675,9151,2184,3038,459,5681,489,2765,216,3470,1.0,70878,12.73,1296990,64480,97263,56084,57443,82270,36345,903105,70878,486077,10188,262215,4007,20860,13446,37243,18063,75559,25174,90200,36.7,47.8,12.5,19.4,8.8,272403.0,24867.0,50689.0
20,Maryland,MD,1,1,487.08,6042718,12406.0,6561,4.9,9.0,37.1,50568,25.0,18.0,2020-03-05,25.0,0,71.0,71.0,85.0,1.0,106.0,0.0,71.0,0.0,71.0,71.0,99.0,106.0,63.0,44.0,1,1,44.0,0.0,0.0,14.0,11.0,0.0,0.0,11.0,0.0,0.0,1,0.0,1,1,0,0,0,430.0,1030.0,26.0,39.0,27,54.0,39.0,1,21,27.0,0,27.0,7.0,7,0.0,0,1,1443514.0,67141.0,20.36,29.86,24.87,1.95,0.0,0.0,0.0,4.81,18.15,42.24,40.77,9.78,3.8,0.0,0.0,0.0,1.18,2.23,23.89,1.11,0.11,0.84,24,764503,741979,1533900,34982,66245,95656,177952,4262,7485,5333,31326,173089,415576,173910,201906,0.0,34420,17887,35662,751,239,2552,8719,348,81258,71070,214364,629669,50588,146641,176202,8699,5907173,5525043,4394643,1874088,382130,1420314,50588,6.5,2192518,2001671,1855650,85.0,795466,3033757,769888,200382,67429,85847,28295,45.37,19.34,27.57,7.72,4599111,102683,322566,24901,450150,81241,158118,10409,249768,21442,164448,14492,200382,34827,176649,38856,250332,29467,130863,22573,182903,5360,45786,16283,67429,27477,152953,31408,211838,21735,92320,11936,125991,5742,60633,19472,85847,17550,97996,10284,125830,14704,75931,6900,97535,2846,22065,3384,28295,3.2,199436,9.1,5862050,267774,285722,170309,188100,276875,117016,4556254,199436,1993082,28093,1025767,10440,95398,54962,251894,41854,275722,64087,344301,25.0,27.5,9.4,13.3,7.6,1053860.0,105838.0,306856.0
21,Massachusetts,MA,1,1,653.98,6902149,10554.0,18471,4.8,10.0,34.6,59152,13.0,14.0,2020-03-10,14.0,0,69.0,69.0,90.0,1.0,125.0,125.0,76.0,69.0,69.0,90.0,0.0,90.0,69.0,57.0,1,0,57.0,113.0,17.0,24.0,41.0,41.0,0.0,14.0,0.0,0.0,0,8.0,1,1,1,0,0,823.0,1423.0,26.0,39.0,15,38.0,31.0,1,16,1.0,0,6.0,2.0,2,0.0,0,1,2634653.0,181637.0,27.56,8.83,17.56,1.92,0.0,0.0,0.0,4.66,39.48,60.75,7.0,6.51,2.28,0.0,0.0,0.0,5.25,18.17,38.17,2.63,0.27,0.86,25,860503,924544,1765222,44009,69910,139532,171904,4282,1130,2846,23497,226085,419354,290111,392246,0.0,7105,5548,8589,340,118,2317,4454,517,104217,99406,236263,762496,19955,80509,85114,3892,6756015,6566545,5001165,2441507,189470,1482292,19955,2.8,2601914,2345531,2203519,85.0,784954,3260922,896046,239079,200060,128322,28686,41.12,33.29,20.98,4.6,4941922,111477,427486,42590,581553,91122,239621,11731,342474,20355,187865,30859,239079,71434,402001,103229,576664,60675,268378,47551,376604,10759,133623,55678,200060,34154,211133,29791,275078,26359,114202,6195,146756,7795,96931,23596,128322,15197,70530,6568,92295,12311,47756,3542,63609,2886,22774,3026,28686,5.9,292213,11.23,6593960,333853,376452,207251,199134,287170,122836,5067264,292213,2309701,37766,1186376,11370,98350,73963,243983,67482,353685,101632,427307,33.1,36.2,10.8,15.3,9.0,1224142.0,109720.0,317946.0
22,Michigan,MI,1,1,103.36,9995915,96714.0,8575,5.3,14.1,41.2,98903,14.0,14.0,2020-03-10,14.0,1,83.0,77.0,90.0,1.0,0.0,0.0,98.0,58.0,0.0,90.0,90.0,90.0,80.0,48.0,1,1,47.0,0.0,0.0,0.0,0.0,10.0,0.0,18.0,0.0,113.0,1,0.0,1,1,1,1,1,362.0,962.0,20.0,33.0,14,30.0,30.0,1,27,0.0,1,0.0,2.0,3,0.0,1,0,1719775.0,151134.0,37.17,29.87,0.23,2.04,0.46,0.03,7.0,5.21,18.12,50.21,39.92,0.08,1.13,0.36,0.02,1.76,1.95,4.5,17.2,1.51,0.09,0.99,26,1223107,1164426,2389487,27058,98054,161714,295465,3825,2516,5940,65707,294216,767729,367765,438340,0.0,11410,6916,12324,103,486,4651,15624,731,151017,114662,376453,1250694,77232,239891,274424,5497,9847464,9250420,7026257,3721479,597044,2331551,77232,6.1,3909509,3442305,3086579,79.5,1452724,5521464,1512109,96044,79987,66961,77381,26.79,25.74,24.07,23.4,8486297,68346,190495,21126,279967,56304,114992,12627,183923,12042,75503,8499,96044,38484,175314,50857,264655,31279,123371,30018,184668,7205,51943,20839,79987,22606,120522,17097,160225,17325,68946,6993,93264,5281,51576,10104,66961,41564,132651,19755,193970,33833,75897,6859,116589,7731,56754,12896,77381,1.7,547973,14.02,9731374,654072,802936,432134,421839,614636,252254,6553503,547973,3361536,87877,1763444,30878,154645,142107,335429,126902,536525,160209,571493,40.7,48.0,15.0,24.2,8.3,1851321.0,185523.0,477536.0
23,Minnesota,MN,0,1,64.54,5611179,86936.0,7977,3.4,9.6,33.9,44745,0.0,15.0,2020-03-13,15.0,0,66.0,45.0,80.0,1.0,89.0,89.0,80.0,0.0,66.0,66.0,89.0,0.0,58.0,0.0,0,0,80.0,0.0,0.0,36.0,11.0,11.0,0.0,0.0,0.0,0.0,0,24.0,0,1,1,1,0,462.0,1062.0,26.0,39.0,31,75.0,31.0,1,14,7.0,0,0.0,15.0,-2,0.0,0,1,698855.0,28600.0,39.18,20.76,0.14,6.44,0.83,0.23,1.85,11.96,18.78,70.4,7.36,0.07,3.04,1.45,0.12,0.73,1.04,15.31,12.45,0.51,0.14,0.8,27,805360,726210,1432952,16348,75428,96560,185182,2453,877,3237,24716,163793,340701,175268,209224,0.0,7836,5364,8033,54,362,2612,8136,416,87167,64279,157633,614424,47789,95800,108815,2360,5469389,5214625,4186967,1764038,254764,1365520,47789,4.7,2167801,1958599,1796704,83.6,804030,2983037,784668,82528,26229,80698,51243,29.76,12.92,27.66,29.66,4571735,55513,137508,7842,200863,44474,69675,4186,118335,11039,67833,3656,82528,14933,71517,17109,103559,12100,54340,10890,77330,2833,17177,6219,26229,34064,128194,12516,174774,21999,69087,2990,94076,12065,59107,9526,80698,31327,85383,7977,124687,23654,46582,3208,73444,7673,38801,4769,51243,2.4,213855,9.87,5403634,237017,310425,189745,190884,279186,121778,4074599,213855,1953946,31353,1072294,9128,84089,46858,151792,54607,314286,71909,331485,30.9,38.3,10.1,14.1,7.2,1103647.0,93217.0,198650.0
24,Mississippi,MS,0,0,61.66,2986530,48432.0,1184,7.1,19.7,42.5,32301,0.0,20.0,2020-03-14,20.0,0,44.0,44.0,54.0,0.0,58.0,79.0,58.0,0.0,66.0,44.0,79.0,0.0,41.0,0.0,0,0,54.0,0.0,0.0,5.0,0.0,18.0,0.0,5.0,0.0,79.0,0,7.0,1,1,0,0,0,235.0,835.0,26.0,39.0,13,67.0,27.0,0,9,0.0,0,2.0,27.0,-2,0.0,1,0,546759.0,21671.0,28.03,49.54,4.66,0.29,3.22,0.0,0.0,5.29,8.35,41.17,51.11,1.46,0.0,4.54,0.0,0.0,0.63,0.68,18.31,0.73,0.04,1.08,28,269631,300200,576294,6167,39871,49941,84315,969,1747,1722,33278,125192,359607,67491,78175,0.0,14655,10339,13889,159,408,1623,7645,311,39957,33624,133252,301828,37863,153944,176910,1640,2922647,2552290,1747793,1134482,370357,763739,37863,12.7,1105576,901172,751652,68.5,510950,1739447,441058,31017,4123,7937,2245,65.04,9.4,22.22,3.33,2691455,15412,49683,2942,68037,11280,23844,1896,37020,4132,25839,1046,31017,1678,10596,3042,15316,1330,7731,2132,11193,348,2865,910,4123,2383,12758,1996,17137,1975,6483,742,9200,408,6275,1254,7937,1310,6492,440,8242,942,4801,254,5997,368,1691,186,2245,0.8,222287,20.11,2890347,275272,324523,178262,162053,221576,83761,1644900,222287,883289,32403,459540,10408,42942,75244,119731,43217,127343,61015,133733,48.4,47.1,20.8,31.1,12.7,491943.0,53350.0,194975.0
25,Missouri,MO,0,0,87.89,6126452,69707.0,6179,4.2,13.2,40.5,63117,0.0,0.0,2020-03-13,24.0,1,52.0,52.0,52.0,0.0,52.0,0.0,52.0,0.0,75.0,52.0,52.0,0.0,0.0,0.0,0,0,0.0,0.0,0.0,32.0,0.0,0.0,0.0,0.0,0.0,0.0,1,0.0,1,1,0,0,0,320.0,920.0,13.0,26.0,17,68.0,0.0,0,12,0.0,0,13.0,10.0,-1,0.0,0,0,462498.0,21069.0,43.52,28.31,0.0,0.0,0.0,0.0,2.63,5.92,19.61,55.03,34.49,0.0,0.0,0.0,0.0,1.1,2.81,6.38,7.55,0.34,0.1,1.03,29,760911,746294,1411832,17302,94940,118616,203819,2860,4710,5573,62700,290006,421931,92354,113136,0.0,21641,13358,21266,216,809,4043,16703,780,69817,63420,208246,628453,85240,228150,263295,4317,5976738,5395736,4226236,1883050,581002,1459999,85240,9.7,2396271,2091864,1859089,78.1,943203,3473857,950645,52262,28389,32901,10621,39.05,20.03,30.44,10.48,5367705,34688,101849,9294,145831,27547,60575,5447,93569,7141,41274,3847,52262,18004,69416,12501,99921,13062,50139,8331,71532,4942,19277,4170,28389,9528,55431,7455,72414,6333,30394,2786,39513,3195,25037,4669,32901,6708,22754,1797,31259,5193,14471,974,20638,1515,8283,823,10621,1.1,328844,13.72,5907190,363015,474915,276551,264510,399070,169187,3959942,328844,2067427,54041,1098229,17098,89957,79806,201444,75217,320176,102682,357621,38.4,46.3,14.2,22.4,8.6,1152270.0,107055.0,281250.0
26,Montana,MT,0,1,7.22,1062305,147040.0,1357,3.5,13.0,39.0,9992,0.0,16.0,2020-03-12,16.0,0,45.0,46.0,53.0,0.0,64.0,64.0,46.0,0.0,45.0,46.0,53.0,0.0,0.0,0.0,0,0,0.0,0.0,18.0,46.0,18.0,18.0,0.0,18.0,0.0,73.0,0,5.0,1,1,0,0,0,552.0,1152.0,28.0,41.0,20,106.0,29.0,1,18,0.0,0,8.0,7.0,1,0.0,0,0,24821.0,405.0,72.62,0.45,0.0,0.2,9.87,0.0,0.0,1.12,15.74,62.96,0.0,0.0,0.0,27.9,0.0,0.0,0.0,13.09,2.34,0.04,0.13,0.94,30,105078,106129,212668,2532,17486,25908,51874,365,310,702,6395,49167,83445,22730,28348,0.0,4684,4186,4454,8,74,1117,3824,173,12756,13554,37469,126240,16377,38632,49271,630,1026586,921676,697398,369276,104910,240210,16377,10.2,423240,369326,330716,79.0,159247,602144,178325,3365,2282,1832,991,39.58,21.71,24.83,13.88,939716,2942,10314,1506,14762,2453,7843,1101,11397,489,2471,405,3365,1718,8410,2427,12555,1403,6922,1948,10273,315,1488,479,2282,457,3745,479,4681,384,2277,188,2849,73,1468,291,1832,1418,5704,1086,8208,1121,5115,981,7217,297,589,105,991,0.5,57773,13.65,1016407,60777,78286,51207,47346,72351,31257,675183,57773,365467,9649,199123,2678,14873,9702,24204,16070,65672,19674,61595,39.5,53.6,13.7,19.3,8.4,208772.0,17551.0,33906.0
27,Nebraska,NE,0,1,24.94,1929268,77348.0,2365,3.5,11.0,36.6,16904,0.0,0.0,2020-03-13,0.0,0,0.0,66.0,66.0,0.0,66.0,101.0,80.0,0.0,52.0,0.0,101.0,0.0,52.0,0.0,0,0,52.0,0.0,0.0,6.0,12.0,0.0,0.0,0.0,0.0,80.0,0,4.0,1,1,0,0,0,440.0,1040.0,26.0,39.0,25,97.0,0.0,0,20,0.0,0,10.0,4.0,3,0.0,0,0,362361.0,4767.0,33.18,3.67,0.0,3.56,0.63,0.08,0.0,4.88,53.99,44.62,4.24,0.0,3.36,1.2,0.0,0.0,1.68,44.91,18.78,0.25,0.12,0.88,31,270719,244945,445921,6156,36355,46174,76350,729,809,793,8180,72218,123655,21798,21517,0.0,10919,6370,9252,45,138,1235,4173,184,29233,25576,60568,193625,25648,62003,68971,1209,1875468,1717637,1426167,517405,157831,497476,25648,8.4,754063,667596,610746,81.6,294148,1006598,273321,59587,7016,16433,6093,62.76,9.36,18.87,9.0,1574067,35114,90238,5799,131151,26490,42284,2790,71564,8624,47954,3009,59587,3459,17317,4334,25110,2580,12427,3087,18094,879,4890,1247,7016,5072,21440,2122,28634,2680,9032,489,12201,2392,12408,1633,16433,2913,10569,504,13986,1796,5829,268,7893,1117,4740,236,6093,2.6,85990,11.4,1850245,90684,123106,79463,75339,119961,52049,1309643,85990,668073,13375,366332,4146,27304,19614,53263,20255,112176,28600,108998,34.4,42.4,11.6,17.4,7.6,379707.0,31450.0,72877.0
28,Nevada,NV,1,1,27.44,3034392,110572.0,7169,5.6,12.9,36.1,24715,0.0,9.0,2020-03-12,19.0,0,58.0,58.0,58.0,0.0,78.0,78.0,58.0,0.0,78.0,58.0,78.0,0.0,0.0,106.0,1,1,58.0,0.0,0.0,0.0,17.0,0.0,0.0,0.0,0.0,0.0,0,6.0,1,0,0,0,0,469.0,1069.0,26.0,39.0,26,120.0,62.0,1,26,5.0,0,5.0,5.0,-5,4.0,0,0,345874.0,10475.0,18.12,5.43,22.0,4.98,0.38,0.0,0.0,5.01,44.06,40.54,10.62,13.71,12.57,0.53,0.0,0.0,1.42,21.08,11.4,0.35,0.24,0.81,32,343916,333878,638716,11369,36754,41736,88320,2070,2076,2109,20474,150247,215868,81274,102192,0.0,11513,7819,13562,246,439,2404,9126,587,40726,30194,93553,262203,55676,122353,159078,6997,2887475,2543371,1884408,962484,344104,706968,55676,11.9,1075930,980878,874995,81.7,333287,1222290,351925,230532,17905,60427,9128,69.78,7.31,19.4,3.51,1907502,136809,408804,37676,583289,119405,217861,15491,352757,17404,190943,22185,230532,5731,45931,13821,65483,4904,33214,9460,47578,827,12717,4361,17905,12977,112494,31576,157047,10516,70108,15996,96620,2461,42386,15580,60427,3361,20803,3053,27217,2980,13153,1956,18089,381,7650,1097,9128,6.2,137359,12.77,2881404,183649,209782,142183,139395,204346,88237,1913812,137359,938571,25718,451537,8487,59729,32866,104848,33721,173580,36567,148877,32.4,36.0,13.7,21.7,8.8,477255.0,68216.0,137714.0
29,New Hampshire,NH,0,1,145.09,1356458,9349.0,1396,3.6,7.6,40.5,12774,0.0,15.0,2020-03-13,15.0,0,95.0,59.0,66.0,1.0,80.0,108.0,59.0,0.0,77.0,59.0,94.0,0.0,0.0,0.0,0,0,49.0,0.0,0.0,5.0,4.0,4.0,0.0,4.0,0.0,110.0,0,4.0,0,1,1,1,0,427.0,1027.0,26.0,39.0,19,60.0,31.0,0,10,0.0,0,5.0,4.0,3,3.0,1,0,120603.0,6782.0,57.38,4.67,7.75,2.37,0.0,0.0,0.0,4.73,23.11,68.22,1.49,2.67,0.65,0.0,0.0,0.0,2.57,24.55,8.89,0.5,0.1,0.94,33,174904,169980,383746,5665,12904,20596,43070,680,495,1358,11587,53932,70539,24674,29644,0.0,2619,2046,3916,154,56,1036,2802,108,12311,12439,40539,158169,8339,33675,43564,696,1326243,1239969,1019536,399632,86274,282167,8339,6.5,528078,486930,455443,86.7,184898,784060,210028,9702,11251,8137,2651,30.33,37.32,25.93,6.43,1178986,5410,20274,2092,27776,4572,12367,1135,18074,838,7907,957,9702,4143,27901,13766,45810,3344,20900,10315,34559,799,7001,3451,11251,2581,15490,1723,19794,1987,9022,648,11657,594,6468,1075,8137,1452,5350,375,7177,851,3523,152,4526,601,1827,223,2651,1.4,42371,8.02,1300664,46012,56340,35153,38028,58680,26844,1039607,42371,485707,5558,271840,2081,21463,9480,38483,10630,74830,14622,79091,28.3,35.4,7.9,12.4,5.4,277398.0,23544.0,47963.0
30,New Jersey,NJ,1,1,1021.27,8908520,8723.0,8862,4.9,9.5,34.6,75765,9.0,12.0,2020-03-09,12.0,0,92.0,70.0,98.0,1.0,0.0,0.0,105.0,70.0,92.0,98.0,98.0,98.0,78.0,30.0,0,0,30.0,108.0,0.0,12.0,0.0,10.0,46.0,35.0,0.0,0.0,1,0.0,1,1,0,1,0,713.0,1313.0,26.0,39.0,16,60.0,35.0,1,14,0.0,0,13.0,11.0,5,0.0,1,0,3609803.0,323176.0,21.08,10.15,17.91,2.99,0.0,0.0,0.0,6.87,41.0,48.58,16.96,17.73,5.01,0.0,0.0,0.0,2.42,9.89,40.52,3.63,0.1,0.85,34,1211713,1073956,2385783,43148,102180,126963,251235,6557,5026,5881,51383,367797,578548,212202,294892,0.0,10084,6897,8906,108,351,1834,5220,271,90667,66168,221977,904047,83172,278770,365367,15736,8776839,8033794,6328839,2686456,743045,2081741,83172,8.5,3213362,2896471,2702008,84.4,1023487,3686714,1059701,592567,228268,153043,39021,58.6,22.26,15.84,3.29,5769902,261334,969921,124803,1356058,216275,511891,35325,763491,45059,458030,89478,592567,87650,479679,121789,689118,76896,326938,57016,460850,10754,152741,64773,228268,54634,291649,56035,402318,46028,183175,20072,249275,8606,108474,35963,153043,24613,103617,14535,142765,21194,74870,7680,103744,3419,28747,6855,39021,7.0,330118,10.27,8707826,402248,501884,292679,279875,412113,166794,6652233,330118,2883244,61515,1585033,17160,138683,90785,329192,62157,374086,98501,456250,31.5,35.2,10.4,16.5,8.3,1646548.0,155843.0,419977.0
31,New Mexico,NM,0,1,17.23,2095428,121590.0,3241,6.1,19.5,39.4,19007,0.0,13.0,2020-03-11,13.0,1,0.0,65.0,82.0,1.0,82.0,0.0,82.0,0.0,63.0,66.0,0.0,0.0,50.0,65.0,0,0,56.0,0.0,112.0,0.0,0.0,13.0,0.0,8.0,0.0,0.0,0,0.0,1,1,0,0,0,511.0,1111.0,26.0,39.0,16,48.0,0.0,1,12,0.0,0,9.0,9.0,1,5.0,0,0,248604.0,9294.0,12.62,2.14,28.84,0.71,50.12,0.0,0.0,0.0,5.5,12.65,0.52,7.62,0.13,30.47,0.0,0.0,0.0,48.61,11.86,0.44,0.15,0.91,35,166751,175478,359530,6968,18877,24499,57418,1190,1082,2292,16787,100777,261070,114508,125054,0.0,11505,8559,11054,134,219,1082,5826,541,32959,29172,80826,222958,30092,82711,103883,3724,2057526,1837116,1130017,963505,220410,522555,30092,10.7,775651,649937,561080,73.0,257684,802634,221094,146440,4442,7186,17458,82.86,2.92,3.7,10.52,1281412,89020,350825,96073,535918,74819,245110,69549,389478,14201,105715,26524,146440,2436,15006,5137,22579,2165,11885,4087,18137,271,3121,1050,4442,2276,13947,3090,19313,1947,8700,1480,12127,329,5247,1610,7186,14391,74343,16121,104855,12869,64446,10082,87397,1522,9897,6039,17458,5.3,144776,18.67,2050855,181232,229157,121140,115813,149573,62491,1191449,144776,630875,29537,313293,9020,35449,36648,68829,31817,104518,37754,108786,44.9,54.0,20.0,31.9,12.2,342830.0,44469.0,105477.0
32,New York,NY,0,1,358.21,19542209,54555.0,92091,5.0,13.6,36.9,157183,0.0,15.0,2020-03-07,15.0,1,98.0,69.0,107.0,1.0,0.0,0.0,107.0,93.0,107.0,107.0,0.0,0.0,0.0,41.0,1,0,41.0,110.0,0.0,9.0,15.0,15.0,0.0,6.0,14.0,0.0,0,5.0,0,0,0,1,0,504.0,1104.0,26.0,39.0,25,60.0,0.0,1,19,9.0,1,0.0,-6.0,7,0.0,0,0,8360286.0,658359.0,0.0,0.0,0.0,0.0,0.0,0.0,0.0,0.0,100.0,30.3,21.39,22.22,5.67,0.0,0.0,0.0,5.83,14.59,42.78,3.37,0.47,0.8,36,2100063,2373956,4562011,95592,277661,352794,502012,11189,7382,11840,101294,755415,1545984,897303,1159862,0.0,21699,16599,16486,272,497,6932,18358,1050,316402,239766,644861,2086170,118899,510675,601736,23858,19378618,18123450,12950832,7478376,1255168,4388587,118899,6.5,7316537,6456229,5916342,81.2,2085971,8464190,2279858,1223844,611502,540118,96078,48.17,25.58,22.8,3.45,12830019,483087,1976627,309889,2769603,386435,1063346,95978,1545759,96652,913281,213911,1223844,239641,1052886,300706,1593233,173421,677746,130564,981731,66220,375140,170142,611502,107990,685235,144346,937571,72073,297313,28067,397453,35917,387922,116279,540118,61338,229193,33890,324421,50184,158305,19854,228343,11154,70888,14036,96078,8.1,1044943,14.28,19108993,1260700,1537285,811241,767466,1064207,435211,13232883,1044943,6271594,186427,3045582,50186,313496,270530,767983,217874,983073,319926,1161460,36.4,36.9,14.6,21.9,11.5,3232009.0,363682.0,1038513.0
33,North Carolina,NC,0,0,192.94,10383620,53819.0,9314,5.0,14.0,39.0,93885,0.0,20.0,2020-03-10,20.0,1,73.0,59.0,73.0,0.0,0.0,0.0,73.0,0.0,67.0,59.0,0.0,0.0,0.0,108.0,0,0,108.0,0.0,0.0,7.0,81.0,0.0,0.0,9.0,0.0,102.0,0,7.0,1,1,1,0,0,350.0,950.0,12.0,25.0,17,37.0,34.0,0,13,0.0,0,0.0,13.0,3,0.0,1,0,1177346.0,26784.0,38.24,18.39,0.0,1.53,0.73,0.24,0.0,10.5,30.37,56.32,32.39,0.0,1.34,0.88,0.24,0.0,4.83,3.99,11.34,0.26,0.09,0.9,37,1008291,1052251,2200374,23709,151253,213383,399507,5401,4972,5543,86854,426419,934343,203270,205638,0.0,91820,54362,61881,331,1329,7930,28141,967,118822,112627,386404,1065490,121153,424548,546928,8090,9952031,8851312,6686506,3403413,1100719,2431983,121153,11.1,3918597,3424443,3066435,78.7,1431964,5514594,1499486,309235,45801,65827,17804,70.83,9.79,15.44,3.94,8446044,200190,488141,28568,716899,160766,233991,12907,407664,39424,254150,15661,309235,20662,125658,25067,171387,16862,92410,16314,125586,3800,33248,8753,45801,25289,121220,14128,160637,19017,71147,4646,94810,6272,50073,9482,65827,11318,42397,3749,57464,8792,28716,2152,39660,2526,13681,1597,17804,2.4,567263,14.48,9881292,663550,860399,510878,491861,701201,285781,6367622,567263,3351334,99637,1786450,32339,141132,156120,357848,113532,491455,165635,574449,40.3,46.5,15.4,24.7,9.2,1886087.0,173471.0,513968.0
34,North Dakota,ND,0,1,10.75,760077,70698.0,557,2.8,10.7,34.6,6445,0.0,0.0,2020-03-13,0.0,0,0.0,49.0,49.0,0.0,49.0,49.0,49.0,0.0,0.0,49.0,49.0,0.0,0.0,0.0,0,0,46.0,15.0,0.0,0.0,13.0,0.0,0.0,0.0,0.0,41.0,0,7.0,1,1,0,0,0,618.0,1218.0,26.0,39.0,19,49.0,0.0,1,11,0.0,0,7.0,7.0,-1,-1.0,1,0,70126.0,1506.0,0.0,0.0,0.0,0.0,0.0,0.0,0.0,0.0,100.0,0.0,0.0,0.0,0.0,0.0,0.0,0.0,0.0,100.0,9.23,0.2,0.07,0.85,38,106019,113609,168901,1723,16534,22035,31699,469,323,151,2831,20247,29559,11921,12425,0.0,4789,3214,3321,30,37,337,1276,75,13250,12204,23765,81012,13290,21288,19591,316,736241,681756,590899,188273,54485,183801,13290,7.4,314903,278839,248698,79.4,114842,437628,104353,3286,4769,1950,2329,19.91,42.44,10.75,26.91,656823,2240,10071,373,12684,1899,7220,279,9398,341,2851,94,3286,1736,10631,4407,16774,1484,7126,3395,12005,252,3505,1012,4769,636,4325,261,5222,519,2595,158,3272,117,1730,103,1950,1444,5918,516,7878,1241,3909,399,5549,203,2009,117,2329,1.2,35632,11.32,727322,39838,39432,27124,24955,36522,18440,541011,35632,279271,4053,147161,1732,11390,6295,17657,11435,57934,12117,45129,33.8,44.4,10.9,14.4,9.1,151214.0,13122.0,23952.0
35,Ohio,OH,0,1,260.77,11689442,44826.0,10345,4.9,13.9,39.8,124264,17.0,15.0,2020-03-09,15.0,1,72.0,56.0,67.0,1.0,72.0,93.0,67.0,0.0,0.0,64.0,67.0,83.0,53.0,136.0,0,0,51.0,0.0,0.0,29.0,0.0,0.0,0.0,4.0,0.0,0.0,0,7.0,0,1,0,0,0,480.0,1080.0,26.0,39.0,17,63.0,35.0,1,44,0.0,0,10.0,0.0,1,0.0,1,0,1121957.0,59904.0,49.45,25.57,0.0,2.69,0.11,0.21,3.64,7.13,11.2,77.16,17.99,0.0,0.91,0.01,0.01,1.26,0.66,1.97,9.6,0.51,0.09,1.06,39,1465749,1387225,2854959,43955,108101,150151,281707,5314,8462,10910,102075,522539,878597,426164,500174,0.0,20119,13305,22914,116,973,6056,25413,1475,167787,119953,359463,1241785,122956,275578,335838,8887,11468700,10725441,7972087,4202287,743259,2772744,122956,6.5,4654075,4068830,3710252,80.2,1780951,6591945,1802075,87406,90273,56989,35740,33.77,30.39,22.04,13.8,10174971,54623,175664,20233,250520,44366,107574,11174,163114,10257,68090,9059,87406,50794,183874,47592,282260,34376,129705,27906,191987,16418,54169,19686,90273,18071,101957,13530,133558,13592,57665,5312,76569,4479,44292,8218,56989,17796,77410,9431,104637,13909,49968,5020,68897,3887,27442,4411,35740,1.4,656045,14.1,11319092,750715,895271,483340,479539,709431,299529,7701267,656045,3998030,88281,2057142,34496,185260,185203,403378,152902,652307,195163,699943,42.1,50.3,14.5,24.3,8.1,2145423.0,219756.0,588581.0
36,Oklahoma,OK,0,0,56.41,3943079,69899.0,3944,4.4,15.6,40.8,40933,0.0,17.0,2020-03-15,0.0,0,0.0,40.0,47.0,0.0,47.0,47.0,40.0,0.0,47.0,40.0,61.0,0.0,40.0,0.0,0,0,0.0,14.0,0.0,8.0,0.0,0.0,0.0,0.0,0.0,0.0,0,6.0,1,0,0,0,0,539.0,1139.0,26.0,39.0,15,102.0,29.0,0,9,0.0,0,10.0,1.0,-2,0.0,1,0,273934.0,9040.0,59.95,7.75,0.0,5.61,6.98,0.0,0.17,3.8,15.73,76.19,7.6,0.0,1.27,7.39,0.0,0.23,2.23,5.06,6.95,0.23,0.1,1.04,40,404579,430361,776912,9954,53100,70327,119459,1868,11835,5022,39111,151437,371880,63285,66335,0.0,21427,12484,19732,215,585,3689,13865,845,65327,45075,129945,403344,82099,210731,249493,3247,3837568,3291998,2469516,1301880,545570,1010832,82099,14.2,1474620,1278772,1117207,76.2,610423,2104541,562328,106746,7309,26287,5638,72.12,4.72,18.65,4.51,3277292,68447,178946,12139,259532,56167,90989,5630,152786,12280,87957,6509,106746,3977,24997,5213,34187,3308,19895,3675,26878,669,5102,1538,7309,7705,42367,5340,55412,5663,21787,1675,29125,2042,20580,3665,26287,4162,19350,4210,27722,3706,15030,3348,22084,456,4320,862,5638,2.1,225112,15.27,3802004,264018,343792,201321,203162,281194,112073,2396444,225112,1249508,41327,677418,12652,63364,59279,121422,47931,190847,63923,196457,42.1,50.8,16.0,24.8,8.6,718745.0,76016.0,180701.0
37,Oregon,OR,1,1,42.6,4190713,98379.0,15876,5.0,12.6,39.8,36187,17.0,0.0,2020-03-08,15.0,0,103.0,68.0,103.0,0.0,103.0,0.0,103.0,0.0,67.0,68.0,103.0,100.0,54.0,115.0,0,0,62.0,0.0,0.0,11.0,24.0,14.0,0.0,0.0,0.0,0.0,0,0.0,1,1,0,1,0,648.0,1248.0,26.0,39.0,29,52.0,36.0,1,17,0.0,0,5.0,5.0,5,5.0,0,0,172172.0,4173.0,43.03,3.52,0.79,3.44,1.98,2.25,2.31,29.0,14.65,72.68,3.21,0.0,4.39,1.56,1.68,1.05,7.26,8.7,4.11,0.1,0.38,0.86,41,431610,451656,899456,13349,55919,76318,152109,2962,613,2675,23623,178820,324213,161933,201340,0.0,6277,4032,7573,39,534,3505,11652,797,62388,56805,145277,472908,35706,115618,139057,3309,4042073,3748383,2728149,1586088,293690,917260,35706,7.3,1591835,1461755,1335692,84.5,506737,2117537,633195,135261,25245,55448,8385,53.96,12.27,28.9,4.88,3257469,93869,238867,17500,350236,77109,129200,8666,214975,16760,109667,8834,135261,14149,66884,16507,97540,11703,50093,10499,72295,2446,16791,6008,25245,16711,90011,13395,120117,12492,48681,3496,64669,4219,41330,9899,55448,4785,17920,1949,24654,3731,11310,1228,16269,1054,6610,721,8385,2.6,210967,13.25,4004544,249940,315307,186149,181530,255407,113868,2702343,210967,1380868,37742,734716,10230,61615,44466,117100,52941,217713,65588,249724,36.9,46.0,14.1,20.1,8.0,772458.0,71845.0,161566.0
38,Pennsylvania,PA,0,1,278.09,12807060,46054.0,13199,4.9,12.2,39.8,134702,11.0,13.0,2020-03-06,26.0,1,91.0,91.0,91.0,1.0,119.0,119.0,119.0,56.0,0.0,91.0,91.0,0.0,52.0,117.0,0,0,44.0,0.0,0.0,12.0,12.0,12.0,0.0,7.0,0.0,0.0,0,21.0,1,1,0,0,0,572.0,1172.0,26.0,39.0,27,61.0,35.0,1,21,0.0,0,9.0,14.0,7,0.0,1,0,1968406.0,141626.0,28.09,12.38,0.0,1.38,0.0,0.0,0.0,0.68,57.47,64.74,18.99,0.0,2.09,0.0,0.0,0.0,3.98,10.2,15.37,1.11,0.1,1.05,42,1490017,1574656,3206148,45404,150892,226589,417522,7314,4291,8021,83288,505484,855308,361008,436148,0.0,14640,10023,19197,150,312,4930,16928,905,204359,142868,433815,1582138,127886,301561,347016,9161,12587979,11802355,9220970,4448586,785624,2847705,127886,6.2,5025132,4344824,3981019,79.9,1728816,6921986,2070658,232430,139485,117364,26222,45.19,27.41,22.13,5.28,10721460,117072,432526,43285,592883,93489,250639,16325,360453,23583,181887,26960,232430,72649,287939,80824,441412,54114,199440,48373,301927,18535,88499,32451,139485,33841,182464,27855,244160,25302,93742,7752,126796,8539,88722,20103,117364,13702,61075,7239,82016,11358,40487,3949,55794,2344,20588,3290,26222,2.4,620019,12.34,12380149,715672,863277,487992,488522,724475,311901,8788310,620019,4405113,91007,2317662,31991,198460,157190,435760,139971,679937,199860,773294,36.9,41.6,12.8,20.1,8.1,2408669.0,230451.0,592950.0
39,Rhode Island,RI,1,1,684.35,1057315,1545.0,1055,5.5,12.9,38.3,10083,7.0,21.0,2020-03-09,19.0,0,61.0,61.0,70.0,1.0,84.0,113.0,84.0,0.0,82.0,61.0,84.0,84.0,0.0,40.0,0,0,40.0,17.0,19.0,60.0,10.0,0.0,0.0,7.0,0.0,84.0,0,-1.0,0,1,0,1,0,190.0,790.0,26.0,39.0,16,32.0,35.0,1,16,5.0,0,9.0,9.0,2,0.0,0,1,383176.0,18662.0,28.3,9.67,34.55,0.0,0.0,0.0,1.41,2.9,22.46,68.1,5.04,9.0,0.0,0.0,0.0,0.0,1.16,16.71,36.24,1.77,0.1,0.95,44,117518,130604,257758,4744,12132,23988,30904,746,368,794,6361,45269,69831,40244,50930,0.0,2301,1739,1975,13,16,571,1404,52,16708,14629,39356,115655,6121,24041,23448,659,1040879,986610,735362,384173,54269,224995,6121,5.2,410885,360113,336100,82.2,119018,517489,144335,52278,20952,10433,2268,62.12,25.1,10.02,2.75,780842,25641,87211,8157,121009,21710,45590,1431,68731,3931,41621,6726,52278,6359,44275,18523,69157,5540,32306,10359,48205,819,11969,8164,20952,2368,18532,2163,23063,1884,10057,689,12630,484,8475,1474,10433,896,6025,1032,7953,711,4486,488,5685,185,1539,544,2268,5.7,56361,13.72,1016029,56135,76920,39744,36519,58227,20480,728004,56361,354524,6804,175472,2425,16199,14291,40475,12884,56334,19957,66044,36.4,41.0,13.1,20.1,9.9,182276.0,18624.0,54766.0
40,South Carolina,SC,0,0,158.78,5084127,32020.0,4172,5.3,15.3,41.4,50640,0.0,19.0,2020-03-13,25.0,1,52.0,38.0,52.0,1.0,66.0,0.0,66.0,0.0,0.0,38.0,52.0,0.0,0.0,0.0,0,0,0.0,14.0,0.0,8.0,4.0,0.0,0.0,5.0,0.0,63.0,0,6.0,1,0,0,0,0,326.0,926.0,20.0,33.0,11,97.0,28.0,0,17,0.0,0,6.0,2.0,-1,0.0,1,0,667191.0,16028.0,34.56,27.88,0.11,0.9,0.05,0.0,0.0,6.59,30.0,45.08,40.83,0.0,0.8,0.02,0.01,0.0,1.82,11.31,13.12,0.32,0.08,1.0,45,488302,522221,1032239,12051,57137,79613,165823,1996,2533,3198,49845,227167,457488,110064,115030,0.0,32238,19390,30418,316,400,4397,15644,574,66460,59515,202758,566444,54583,211182,266452,3007,4858485,4323261,3200163,1789543,535224,1159141,54583,11.0,1894711,1633709,1427627,75.8,734698,2802354,801362,89943,14837,20026,3001,70.59,11.87,15.25,2.29,4338414,53383,145631,10298,209312,42368,71265,5736,119369,11015,74366,4562,89943,9089,41815,10671,61575,7808,31478,7452,46738,1281,10337,3219,14837,6441,32171,5612,44224,4556,17170,2472,24198,1885,15001,3140,20026,2550,8620,1140,12310,1940,6515,854,9309,610,2105,286,3001,1.5,291509,15.39,4814032,346252,424380,246724,243896,346593,146246,3059941,291509,1603202,45278,847691,14704,69627,86024,186471,58548,236183,86955,263230,42.2,48.8,16.0,26.0,9.2,892969.0,84331.0,272495.0
41,South Dakota,SD,0,0,11.44,882235,77116.0,995,3.0,13.1,35.3,7971,0.0,0.0,2020-03-13,0.0,0,0.0,0.0,0.0,0.0,0.0,0.0,0.0,0.0,0.0,0.0,0.0,0.0,46.0,0.0,0,0,0.0,0.0,0.0,0.0,0.0,0.0,0.0,0.0,0.0,0.0,0,0.0,1,1,0,1,0,414.0,1014.0,26.0,39.0,27,101.0,0.0,1,11,0.0,0,33.0,10.0,-1,0.0,1,0,134903.0,1679.0,33.48,15.91,16.28,10.66,12.52,0.0,0.0,11.14,0.0,0.0,0.0,0.0,0.0,0.0,0.0,0.0,0.0,100.0,15.29,0.19,0.11,0.9,46,107697,100825,187270,2147,18344,20288,38247,403,519,397,4328,36265,62172,11272,10997,0.0,6047,3193,4607,22,83,716,2569,177,15090,12111,30715,90831,13192,32651,33218,428,846821,767332,618728,257408,79489,223144,13192,9.4,341565,296335,266437,78.6,142873,477414,131704,6013,3602,4247,3633,33.09,16.78,25.57,24.56,751991,3693,11691,719,16103,2560,6948,582,10090,1133,4743,137,6013,1924,8215,2120,12259,1375,5648,1634,8657,549,2567,486,3602,1507,5569,381,7457,744,2349,117,3210,763,3220,264,4247,2662,11526,1884,16072,2121,8726,1592,12439,541,2800,292,3633,1.4,41175,12.05,834921,52226,60918,33849,34789,52476,23925,576738,41175,300390,6160,164192,2189,12660,10144,21640,9576,53373,13106,48525,38.7,48.1,13.6,20.6,9.2,170352.0,14849.0,31784.0
42,Tennessee,TN,0,0,160.64,6770010,42144.0,7467,5.5,15.3,41.6,71078,0.0,20.0,2020-03-12,21.0,1,48.0,50.0,46.0,0.0,50.0,71.0,55.0,0.0,0.0,46.0,71.0,0.0,50.0,0.0,0,0,0.0,0.0,0.0,11.0,13.0,0.0,0.0,19.0,0.0,81.0,0,7.0,1,1,0,1,0,275.0,875.0,26.0,39.0,12,68.0,0.0,1,18,0.0,0,7.0,1.0,0,0.0,0,1,905690.0,12390.0,41.95,20.69,0.0,1.43,0.07,0.05,0.0,13.93,21.89,56.79,34.17,0.0,1.94,0.0,0.08,0.0,5.06,1.96,13.38,0.18,0.11,1.05,47,709338,733654,1432075,18118,84947,112864,219146,2986,4503,5670,66874,305780,581273,180666,196149,0.0,32791,19641,30799,198,1021,5928,18252,655,97649,83173,258433,684208,72022,248412,335751,4687,6547663,5886791,4330447,2375977,660872,1583544,72022,10.1,2567061,2185963,1934899,75.8,995749,3791475,1016943,113381,19380,31190,18681,62.96,8.02,17.39,11.64,5804167,70483,173786,10436,254705,54278,81513,5533,141324,16205,92273,4903,113381,12207,54474,9179,75860,9939,40107,6434,56480,2268,14367,2745,19380,9879,52820,6871,69570,7444,28672,2264,38380,2435,24148,4607,31190,9485,31927,1784,43196,6769,16661,1085,24515,2716,15266,699,18681,1.5,397021,15.47,6488786,451092,595416,337592,325447,456899,194542,4127798,397021,2170040,70983,1170590,21915,95809,108523,228026,79552,322740,116048,352875,43.0,53.8,16.1,27.0,9.4,1241573.0,117724.0,336549.0
43,Texas,TX,0,0,106.86,28701845,268596.0,25848,4.9,14.9,34.8,202211,0.0,18.0,2020-03-13,0.0,1,0.0,49.0,49.0,0.0,66.0,49.0,56.0,0.0,0.0,53.0,70.0,0.0,39.0,112.0,1,0,56.0,13.0,0.0,6.0,0.0,6.0,0.0,13.0,0.0,67.0,0,4.0,1,1,1,0,0,521.0,1121.0,26.0,39.0,24,56.0,28.0,0,17,0.0,0,4.0,4.0,0,0.0,1,0,3098412.0,52853.0,4.21,1.99,5.69,0.45,0.0,0.0,0.0,0.09,87.59,11.65,3.79,7.49,0.5,0.0,0.0,0.0,0.12,74.97,10.8,0.18,0.09,0.7,48,3229964,3195907,5700184,86333,393763,484590,864646,18665,20052,16770,167654,1020631,2779683,375475,458945,0.0,134028,75687,112966,1949,2813,24675,63187,2952,313309,277716,768946,2061258,814530,1821348,2067539,61480,27417645,22652748,17101346,7873672,4764897,7688142,814530,17.4,9553046,8525218,7574167,79.6,3412474,10812013,2464331,3073590,143978,331310,69009,84.45,3.76,9.68,2.11,16688818,1658832,5276172,696375,7631379,1241168,3006254,310367,4557789,417664,2269918,386008,3073590,76580,418883,74862,570325,63707,316173,46467,426347,12873,102710,28395,143978,106327,563959,87197,757483,81058,318696,26419,426173,25269,245263,60778,331310,39604,183668,15049,238321,30314,130744,8254,169312,9290,52924,6795,69009,7.9,1362378,14.26,27264694,1792641,2421297,1391769,1371822,1890880,773709,17622576,1362378,8190668,321055,4491917,69687,418515,398147,930004,238748,1189607,334741,1160625,38.7,40.7,15.5,23.8,10.7,4812972.0,488202.0,1328151.0
44,Utah,UT,0,1,37.23,3161105,84897.0,2798,3.2,9.0,30.0,18354,0.0,0.0,2020-03-06,0.0,0,0.0,56.0,56.0,0.0,56.0,56.0,56.0,0.0,61.0,0.0,56.0,0.0,47.0,35.0,0,0,35.0,0.0,35.0,0.0,0.0,26.0,0.0,0.0,0.0,70.0,0,0.0,0,1,0,0,0,580.0,1180.0,26.0,39.0,40,125.0,0.0,1,35,0.0,0,19.0,14.0,6,0.0,1,0,405160.0,3278.0,36.98,2.76,30.87,2.31,2.62,3.74,0.0,11.94,10.94,37.1,1.83,16.72,3.39,4.51,3.97,0.0,5.46,33.34,12.82,0.1,0.09,0.58,49,600193,463749,652501,9597,84281,81416,106266,1288,1595,1476,10347,90848,151412,34072,35879,0.0,10289,6382,8378,70,188,1478,3588,244,46495,37097,67713,210976,71682,108835,118167,3077,3019579,2717818,2349674,638355,301761,966135,71682,10.0,957619,903951,820364,86.1,570723,1505241,292028,98184,11148,21871,5452,69.75,10.21,15.37,4.66,2367992,74513,199759,14120,288392,65475,117936,6797,190208,9038,81823,7323,98184,7507,39477,7240,54224,6348,31590,5138,43076,1159,7887,2102,11148,9181,46407,5173,60761,7086,29797,2007,38890,2095,16610,3166,21871,4260,15148,1708,21116,3222,11442,1000,15664,1038,3706,708,5452,2.3,96975,10.13,2997963,137839,172065,118629,123651,203966,87350,2154463,96975,860644,26097,561408,4454,36309,21717,66899,19112,98791,25595,97237,33.5,42.7,10.3,13.1,6.4,587505.0,40763.0,88616.0
45,Vermont,VT,1,1,65.13,626299,9616.0,1089,3.8,11.0,39.1,6027,5.0,12.0,2020-03-13,11.0,0,63.0,45.0,70.0,1.0,80.0,80.0,77.0,52.0,71.0,45.0,87.0,80.0,52.0,0.0,0,0,35.0,87.0,17.0,7.0,0.0,62.0,0.0,14.0,0.0,0.0,0,0.0,1,1,0,1,0,513.0,1113.0,26.0,39.0,14,52.0,0.0,1,17,7.0,0,7.0,17.0,0,0.0,0,0,28984.0,1449.0,85.62,6.65,0.18,2.84,0.14,0.0,0.0,1.58,3.18,92.89,0.0,0.0,3.73,0.0,0.0,0.0,3.24,0.14,4.63,0.23,0.17,0.96,50,59335,72108,150377,2351,5826,10943,21293,227,199,464,3910,27050,50064,26322,36545,0.0,1181,775,1661,3,59,224,1216,30,9036,7649,24379,80307,2197,10296,12667,202,618896,593534,425733,258210,25362,127897,2197,4.1,259589,230736,208082,80.9,83973,369447,107674,1223,4328,2132,928,7.43,52.91,29.27,10.39,561094,1049,4774,628,6451,893,3849,486,5228,156,925,142,1223,2371,12924,4713,20008,1979,10282,3419,15680,392,2642,1294,4328,706,4106,382,5194,540,2392,130,3062,166,1714,252,2132,571,1830,153,2554,445,1046,135,1626,126,784,18,928,0.7,29278,11.28,600334,29658,37376,23760,23352,36726,15241,434221,29278,230311,4174,120694,1054,9677,5966,16841,7956,37855,10128,45244,34.7,40.1,11.2,15.4,7.6,124868.0,10731.0,22807.0
46,Virginia,VA,0,1,199.13,8517685,42775.0,5783,4.2,10.7,35.9,69359,0.0,0.0,2020-03-12,18.0,0,85.0,78.0,78.0,1.0,92.0,111.0,64.0,0.0,64.0,77.0,92.0,0.0,50.0,78.0,0,1,78.0,0.0,0.0,4.0,0.0,88.0,0.0,4.0,0.0,108.0,0,5.0,1,1,0,1,0,378.0,978.0,26.0,39.0,12,44.0,32.0,1,11,0.0,0,7.0,7.0,1,1.0,0,0,1270048.0,36137.0,26.03,15.09,19.16,1.88,0.07,0.0,0.19,10.21,27.39,54.6,21.99,6.04,3.2,0.06,0.0,0.01,5.74,8.36,14.91,0.42,0.07,0.81,51,1039388,1012379,1976447,33328,114772,162965,281362,6429,5339,5299,62772,282402,465750,104510,117981,0.0,127723,68051,115421,1142,2659,7205,21556,598,123095,111389,324166,867775,103440,286281,354071,11947,8197642,7441903,6231792,2237141,755739,1982166,103440,9.2,3128415,2811441,2565161,82.5,1139381,4380644,1112439,236492,69851,120892,37371,48.68,14.13,29.08,8.11,6632464,119914,412413,30020,562347,96964,214677,14214,325855,22950,197736,15806,236492,38712,206989,38446,284147,33393,157523,23380,214296,5319,49466,15066,69851,37346,217654,39911,294911,29791,130458,13770,174019,7555,87196,26141,120892,22119,98401,9430,129950,18249,69257,5073,92579,3870,29144,4357,37371,2.7,330813,10.57,8162107,425969,467611,285591,286599,432442,181618,6082277,330813,2797602,52820,1525537,15337,121046,88069,282436,69875,399038,104712,469545,32.7,35.8,10.9,15.7,7.6,1578357.0,136383.0,370505.0
47,Washington,WA,1,1,105.69,7535591,71298.0,21577,4.3,10.3,35.1,56877,0.0,25.0,2020-02-29,23.0,0,93.0,66.0,0.0,0.0,0.0,0.0,0.0,0.0,88.0,0.0,0.0,0.0,60.0,118.0,0,0,65.0,0.0,0.0,24.0,18.0,18.0,0.0,18.0,0.0,0.0,0,18.0,1,1,1,0,0,790.0,1390.0,26.0,39.0,27,83.0,0.0,1,19,10.0,0,25.0,25.0,13,0.0,1,0,737119.0,32511.0,26.9,4.19,27.82,4.66,1.07,1.81,1.2,1.53,30.82,65.85,3.03,10.05,8.53,1.25,0.78,1.22,2.02,7.27,9.78,0.43,0.29,0.75,53,828700,892674,1718041,26775,99673,123130,242998,4500,2738,4752,38922,267918,570158,241266,271083,0.0,48775,31473,40205,674,572,5265,14175,782,118717,101380,258143,746050,53262,198698,229177,6719,7187395,6699539,5117530,2500984,487856,1722595,53262,6.8,2800423,2595537,2421575,86.9,916440,3647976,950436,234888,76712,176520,29964,39.97,15.44,37.72,6.87,5514852,156712,394029,28388,579129,124582,206512,13147,344241,32130,187517,15241,234888,43092,190892,34627,268611,35494,137533,18872,191899,7598,53359,15755,76712,48353,296634,55459,400446,36626,171620,15680,223926,11727,125014,39779,176520,15270,58431,4589,78290,11390,34756,2180,48326,3880,23675,2409,29964,3.8,302663,10.81,7161708,377106,444515,255057,273495,395859,177498,5238178,302663,2497760,51780,1356024,15369,112434,67030,210659,74878,406474,93606,412169,32.6,36.1,11.5,15.6,7.7,1407804.0,127803.0,277689.0
48,West Virginia,WV,0,1,74.53,1805832,24230.0,1397,5.8,17.8,49.3,23478,10.0,8.0,2020-03-16,8.0,1,49.0,49.0,49.0,1.0,63.0,81.0,49.0,0.0,0.0,66.0,71.0,45.0,35.0,113.0,0,0,49.0,15.0,0.0,2.0,7.0,0.0,0.0,0.0,0.0,60.0,0,3.0,1,1,0,0,0,424.0,1024.0,26.0,39.0,11,45.0,0.0,1,14,0.0,0,0.0,1.0,-5,0.0,0,1,65403.0,1842.0,79.58,7.13,0.0,0.0,0.0,0.0,0.0,13.42,0.04,63.03,3.37,0.0,0.0,0.0,0.0,0.0,0.0,33.6,3.62,0.1,0.08,1.3,54,179185,180567,394664,4660,9795,16043,33919,342,1069,1650,25341,81153,164079,81587,112476,0.0,3138,2014,4981,66,260,1341,6493,300,25616,21209,82708,248788,11670,44845,59709,602,1800270,1683444,1139051,831095,116826,394812,11670,6.5,734676,601224,535799,73.4,268371,1079377,339151,5818,2588,3259,1099,33.66,22.7,36.0,7.63,1686899,2905,12852,1432,17189,1879,8556,936,11371,1026,4296,496,5818,1377,8955,2419,12751,1186,7353,1624,10163,191,1602,795,2588,958,6845,1074,8877,853,4111,654,5618,105,2734,420,3259,471,2933,643,4047,404,2095,449,2948,67,838,194,1099,0.4,128768,17.53,1776501,135869,179595,95653,93720,132926,53847,1084891,128768,605908,24486,334348,7701,27136,29499,52665,28788,93353,38294,98406,48.6,61.5,17.8,28.7,9.4,358834.0,34837.0,82164.0
49,Wisconsin,WI,0,0,88.76,5813568,65496.0,4538,3.2,11.0,36.5,53684,0.0,13.0,2020-03-12,13.0,0,62.0,60.0,62.0,0.0,62.0,62.0,62.0,0.0,62.0,60.0,62.0,0.0,0.0,0.0,0,0,0.0,0.0,0.0,8.0,15.0,15.0,0.0,10.0,0.0,75.0,0,0.0,1,1,0,1,0,370.0,970.0,26.0,39.0,20,41.0,0.0,1,39,0.0,0,5.0,0.0,1,0.0,1,0,602924.0,16865.0,55.53,18.04,0.0,3.59,0.99,0.0,0.0,11.0,10.85,67.64,25.82,0.0,2.6,1.27,0.0,0.0,1.03,1.64,10.37,0.29,0.08,0.92,55,793631,747399,1512208,15151,55182,91055,191672,2154,2929,3024,28936,233725,365225,141221,172412,0.0,8127,5524,9690,42,294,3282,11804,495,90222,65577,182903,642898,53511,128970,144132,2811,5706206,5376782,4272859,1855766,329424,1369121,53511,5.8,2343129,2061845,1883025,81.1,846658,3238230,883097,97015,27560,41239,6555,56.78,17.04,21.95,4.23,4967985,65608,170430,13792,249830,52547,93642,6626,152815,13061,76788,7166,97015,18516,68205,19392,106113,13476,52067,13010,78553,5040,16138,6382,27560,18236,72376,6182,96794,12229,41356,1970,55555,6007,31020,4212,41239,4005,15515,2232,21752,3134,10632,1431,15197,871,4883,801,6555,1.6,267846,11.43,5628213,288910,379310,221478,215081,341104,146513,4035817,267846,2075283,37545,1109685,14693,93007,61960,167565,68043,346570,85605,358456,35.7,43.1,11.9,18.4,7.6,1147230.0,107700.0,229525.0
50,Wyoming,WY,0,0,5.91,577737,97813.0,548,3.9,11.1,36.4,5070,6.0,0.0,2020-03-13,0.0,0,0.0,49.0,63.0,0.0,49.0,63.0,49.0,0.0,94.0,0.0,63.0,46.0,0.0,0.0,0,0,49.0,0.0,21.0,17.0,0.0,0.0,68.0,0.0,0.0,0.0,1,0.0,1,0,0,0,0,508.0,1108.0,26.0,39.0,19,34.0,0.0,0,14,0.0,0,0.0,0.0,5,0.0,0,0,25298.0,376.0,50.53,1.09,12.59,0.61,24.8,0.23,0.0,3.54,13.09,32.71,0.0,4.79,0.0,33.78,0.0,0.0,0.0,28.72,4.38,0.07,0.09,0.88,56,82460,72179,133603,1809,9077,10438,22020,312,304,314,2666,21381,29770,6973,6428,0.0,3449,1930,2697,10,5,625,1892,110,8785,7086,19221,61492,11153,23696,29723,315,571923,507036,423627,154715,64887,145003,11153,11.3,230630,209397,187003,81.7,92804,328519,83518,8898,1053,1174,439,75.92,10.72,11.06,2.3,504841,6373,18734,2457,27564,5557,11328,1781,18666,816,7406,676,8898,417,3913,1033,5363,335,3084,891,4310,82,829,142,1053,255,2653,258,3166,227,1601,164,1992,28,1052,94,1174,600,2521,511,3632,575,2114,504,3193,25,407,7,439,1.2,25473,11.04,567950,27728,35583,21931,22313,33411,15588,411396,25473,205157,4531,114373,1042,9962,5007,13777,6465,36636,8428,30409,33.5,41.8,11.1,15.7,7.9,118904.0,11004.0,18784.0
